,document,star,label
0,전체의 행복을 위해서라면 개인의 행복을 희생해도 괜찮은가 ,10,1
1,"스포일러가 포함된 감상평입니다. 감상평 보기영상미랑 효과음, 장면에 맞는 OST는 정말 극찬받을 만함. 하지만 영화 스토리만 놓고 보면 정말 졸작. 개연성, 스토리 짜임, 떡밥 회수 등 모든 면에서 최악임. 영화 다 보고 느낀 점은 '그래서 어쩌라는 ...",3,0
2,미츠하랑 타키나오는데 나중에 타키 할머니 찾아갔을때 할머니 팔목에 미츠하 팔찌를 착용하고있었음 이거보고 신카이 마코토한테 시사회에서 관람객이 뭐냐고 물어봤는데 타키랑 미츠하가 결혼하고 미츠하가 타키 할머니한테 만들어...,10,1
3,재미 있으면 공감버튼을 눌러주세요 ,10,1
4,폭풍우가 휩쓸고 간 개연성 ,4,0
5,비 오는 날이 그리 나쁘지만은 않은 것 같다. ,10,1
6,미츠하는 백화점에서 일하고있었다. ,10,1
7,아이맥스 폭죽놀이는 역대급이다 ,8,1
8,도쿄 쑥대밭 만든 건 볼만했음. ,4,0
9,스토리는 호불호 갈리겠지만 눈이랑 귀가 너무 즐겁다 ,9,1
10,전작만큼을 기대하고 가면 많이 아쉬울 것. 재미가 그닥 없음. 하지만 OST와 작화는 여전하니 눈뽕 귀뽕 맞고싶으면 강추. ,8,1
11,다수를 위한 소수의 희생은 정당한가? 어른들은 이해할 수 없는 아이들의 동화같은 이야기 ,10,1
12,개연성 없는 스토리.. 난데없는 가출에 비는 계속 내리는 설정 날씨의 무녀는 갑툭튀.. 오글거림.. 단 영상미는 최고임. 결말은 그들만의 해피엔딩. ,2,0
13,각본가를 따로 구해보는게 어떨지. 작화랑 OST는 최고지만 과하다. 몰래 온 손님은 반갑다. ,4,0
14,"스포일러가 포함된 감상평입니다. 감상평 보기개연성 부족,폐급 연출.영상미와 OST는 훌륭했으나 위 문제들 때문에 몰입하기 힘들었고 개인적으로 티켓 값도 아까웠던 영화.첫 번째로 '권총'이 이해가 안 됨.잔잔한 영화를 지루하지 않게 진행시키기 위...",4,0
15,나는 스가한테 감정이입 된다 마음속의 일렁임과 현실과의 타협 그 중간에서 요동치는 모습 ,10,1
16,호다카 얘기는 왜 1도 안보여줌? 그래서 얘가 왜 가출했고 집에 돌아가기 싫어하는 이유가 뭔데?? ,4,0
17,아 마지막장면 또 보고싶음 작화랑 ost는 절대 못까요 최고였음 ,10,1
18,관람객너의 이름은 만큼은 아니지만 재밌게 봤습니다 작화가 너무 이쁜듯합니다 나오는 노래도 좋았습니다. ,8,1
19,진짜 어거지 급전개가 너무 심각하고 결말은 엉성하다. 영상미랑 OST만 보고 고평가하기엔 내용이 너무 부실하다 ,2,0
20,"관람객영상, 음악, 내용 너무나 좋은 영화 였습니다. 괜찮아. 위로의말이 계속 남아요 ",10,1
21,호다카가 계단 올라갈 때 OST 갑자기 커지는 순간 너의 이름은 엔딩처럼 전율 돋음 ㄹㅇ; ,10,1
22,신카이마코토 전작을 다 훑어봤다면 이번 날씨의 아이 작화는 진짜 한계를 뛰어넘은듯한 느낌입니다. 본격 힐링영화라는 말은 당연하구요. 두번정돈 더 보러갈 예정입니다! 스토리면에서는 확실히 너의이름은이 더 탄탄하긴 한데...,10,1
23,색감이 너무나 아름다워 스크린에서 눈을 뗄 수 없었음..ㅠㅠ ,10,1
24,관람객이영화는 집단(도쿄)응 위해 개인(히나)의 희생을 당연시하는 일본 전체주의를 비판하는 영화 입니다결말을 보시면 아시겠지만 결국 도쿄가 물에 잠기는 엔딩인데 감독은 근대부터 이뤄진 일본의 전체주의사상을 비판하는 메세지...,10,1
25,관람객감동적이고 좋은데 중간중간 계속 나오는 여캐몸이나 속옷 같은건 왜 계속 부각하는건지 모르겠어요ㅠ 재밌게 보다가도 중간중간 흐름 깬다고해야하나 그래서 1점 깎았엉 ,8,1
26,이 맛에 애니메이션 보는거지. 애니메이션은 상상력이고 한계가 없어야 한다고 생각함. 현실 드라마같기만 한 애니메이션이 대체 무슨 매력일까? 작가 특유의 감성도 돋보였고 거기에 어우러진 음악도 최고였다. 어릴때 만화 ...,10,1
27,남주가 초반에 조금만 정조준했으면 애니판 조커 볼뻔 ,9,1
28,폭풍우가 휩쓸고 간 개연성 ,2,0
29,메시지가 괜찮았음. 총이 뭐긴.. 맥거핀이지ㅋㅋㅋ 굳이 총에 의미 부여 하자면 가출과 마찬가지로 자유를 상징하겠지요. 그리고 떡밥회수 운운하는 분들은 영화를 헛 보신 것. 제가 생각하는 영화의 주제는 이렇습니다. [...,10,1
30,관람객이제 평생 비가 와도 괜찮다 ,10,1
31,관람객믿고보는 감독인듯 스토리는 전형적인 일본 애니메이션이라 몰입이 안될뻔 했는데 영상미가 너무 좋아서 몰입하게 만드네여 한번 더 볼 예정입니다. ,10,1
32,"스포일러가 포함된 감상평입니다. 감상평 보기나름 재밌긴 했지만, 자신이 이야기의 개연성을 많이 따지는 타입이라면 안 보는 것을 추천한다. 특히 경찰서에서 탈주하는 부분부터는 주인공의 뒷감당 생각 안 하는 총기 위협이라던가, 너무 편의주의적으로 튀어나와서 범죄...",7,1
33,떡밥회수 몇개빼고는 진짜 최고였다 너의이름은 아련하고 누군가를 찾게된다면 이거는 기분이 좋아지는 영화 ,10,1
34,관람객비로 가득한 세상을 맑게 해주었던 소녀와 소년이 보여준 순수함은 개봉 전 기대했던 그 이상의 감동을 선사했다. 정말 오랫동안 여운이 남을 명작이다. ,10,1
35,관람객도쿄 사람들이 나쁜짓 해서 물바다가 되었군요ㅜㅜ ,10,1
36,한번 더 보러 갈예정 영상미 좋고 음악좋고 마지막엔 울었다 마코토 감독은 천재임 ,10,1
37,"전 작품인 '너의 이름은' 에 비해 스토리 구성이 매우 단순하고 개연성도 부족하고, 여러가지로 기대에 비해 많이 부족해서 실망함. 비추임. ",4,0
38,너의 이름은 생각하고 보면 상당히 실망할 수 있음. ,4,0
39,"비가 오는 날, 당신을 만났기에 나는 비오는 날이 좋다. ",10,1
40,개연성이 없다고들하는데 어떤게 개연성이없는건지요?한국영화에 너무익숙해진게 아닌가요? 남주가 왜집을 나갔는지에 대한 이유가 꼭 있어야하나요 그영화에서 그이유가 필요한 이유는 무엇인가요 그리고 스토리를까는이유는 왜인가요...,10,1
41,스포일러가 포함된 감상평입니다. 감상평 보기'너의 이름은'은 사고를 막기위한 개연성이라도 있는데 이건 뭐 갑자기 신내림 같은걸 받지 않나 남주는 총을 어떻게 주워서 쏘질 않나개인적으로 너의 이름은에 비해서는 별로 재미 없었습니다 ,7,1
42,고양이가 몇 년 뒤 갑자기  통통해져서 웃음터짐ㅋㅋㅋㅋ ,10,1
43,"스토리에 개연성이 모자란거 같다고 많은 분들이 말하지만 솔직히 나는 그런거 못느끼고 잘봤음. 신카이 마코토가 전하고자 하는 메세지도 영화 속 심볼을 알고만 있다면 금방 이해 할 수 있을만큼 직접적으로 표현하고 있고,...",10,1
44,"사춘기들이 만들어내는, 조금 서툴어도 너무나 뜨겁고 열정적인 사랑과 압도적인 연출이 만들어내는 <그랜드 이스케이프> ㅡ 나도 이런 사랑을 해볼 수 있을까..? ",9,1
45,스포일러가 포함된 감상평입니다. 감상평 보기영상미는 최고였다..하지만 스토리 몰입이 안되었다...가장 이해가 안되는점은 왜 남주가 가출 한 이유가 나오지 않았다. ,4,0
46,스포일러가 포함된 감상평입니다. 감상평 보기이시국 드립 하는사람들 별점테러가 심하긴 하구나 솔직히 신카이마코토 작품은 작화 스토리 ost 가 좋고 타키와 미츠하가 안나왔으면 스토리쪽에선 더 좋았을거임한국팬이 타키와 미츠하를 출연시켜 달라해서 약간 엇나간거 같...,10,1
47,예고편 공개되고 기대되서 미치는줄알았습니다. 킹시국때문에 개봉도 연기되고 우여곡절 많았지만 신카이마코토 감독의 팬으로써 영화가 한국에서 너의 이름은 만큼이나 사랑받았으면 좋겠습니다. 많은 사람들이 영화를 보고 일본에...,10,1
48,관람객감정선이 굉장히 뛰어났습니다. ,10,1
49,관람객영상미도 훌륭하고 여운이 많이 남는 좋은 작품이었습니다~ :)잔잔한 감동과 후반부의 전율은 이루 말할 수가 없네요^^ ,10,1
50,남주가 가출한 이유는 가정폭력 때문이라고 하네요영화 인물관계도와 소설판 보면 나와있어요. 영화에서 반창고를 붙이고 상처가 있는 남주 모습에서 알 수 있습니다. 영화에서 간접적으로만 나온 이유는 남주가 행동하는 이유가...,8,1
51,"오늘아침에 조조영화로 바로 보고 왔습니다 솔직한 평은 ""너의 이름은""이라는 작품을 기대하고 가신다면 실망하실수도 있습니다 그 이유는 위의 전작에 비해서 반전인 요소도 없으며 결말또한 깔끔하게 끝났다고 ...",10,1
52,"애니메이션 유튜버들의 혹평을 보고'너의 이름은'이 걸작이어서다음 차기작인 날씨의 아이가 묻히는 건가 싶어직접 확인하려고 보러갔습니다.신카이 마코토 감독의 여타 애니메이션처럼영상미는 훌륭했으나,스토리, ...",2,0
53,"스포일러가 포함된 감상평입니다. 감상평 보기다른걸 다 떠나 제일 열받는건 자기도 서사와 스토리를 이끌어가는 힘이 약하다는걸 인지해놓고서 여태 나온 작품중에 가장 최악으로 만들었다는것에 화가난다. 그래서, 그 아이가 떠오르고 추락하는 그 장면을 위해 영화를 그...",3,0
54,"관람객너의이름은처럼 클라이맥스로 달려가는 집중성과 그에 따른 감정의 진폭은 작았지만, 매력적인 도쿄의 모습과 사랑스럽고 애절한 캐릭터. ",8,1
55,개봉한다고 OOO들 하지말고 너네만 보지마라 ,10,1
56,1.영화가 시작된 지 30분.. 싸늘한 예감은 틀리지 않는다. 가장 빨리 탈출하는 자가 승자2.소녀가 기도할때마다 나도 기도했다.3.손발이 요새 너무 꼿꼿했다면 오그라들기에 안성맞춤4.유튜브 편집자를 한 것 같은 편...,4,0
57,중2병 걸린 애들이 설치는 고구마 100개먹은 스토리영상미만 이쁨. ,4,0
58,"평이 갈리지만 나는 여태 신카이 마코토는 영상미,ost 정도로 봤다. 스토리는 약간 부족하지않나 생각했는데 이번 작품은 극장에서 봐서 그런가. 울컥하는 장면도 많고 너무 예쁘더라 금년 최고의 영화! ",10,1
59,개연성 zero... 정말 작화밖에 없다. 어디서 본 것 같은 성의없는캐디  최근 수해 이슈에 대해서도 거의 기만인 작품. ,2,0
60,관람객맑음소녀 알바구합니다. ,10,1
61,전작인 너의 이름은 기대하고 갔는데 완전 실망했다. 황당한 내용 전개에 미완결 같은 엔딩까지... 내용 마무리가 하나도 안되어서 설마 이게 끝이 아닐거야 싶었는데 엔딩 크레딧 올라갔다.영상이 예뻐서 별 두개. ost...,4,0
62,스포일러가 포함된 감상평입니다. 감상평 보기너의 이름은 남자 주인공과 여자 주인공이 도대체 왜 사랑에 빠지는지 도통 이해가 안되서 스토리에 집중이 안됬다. 날씨의 아이는 왜 이 둘이 사랑에 빠지는 지 이해가 되었다. 물론 스토리에 개연성과 이상한 점은 있었다...,7,1
63,누가 재미 없다고 했나!? 시간 가는 줄 모르고 관람함. 추천합니다. ,10,1
64,작화랑 노래가 괜찮다고들 하니까 괜찮겠지 싶어서 봤는데 스토리가 다 말아먹습니다. 주인공들이 민폐란 민폐는 다 끼쳐놓고 세상은 미쳐있어! 우리한테 왜 이러는거야 엉엉! 하면서 자기연민에 빠져 있는 게 내용의 전부입니...,1,0
65,너의이름은이 엄청난 대작이였음을 알수있는 영화하지만 어느새 내눈엔 눈물이.. ,9,1
66,억지도 이런 억지가.. 아무리 몰입하려고 해도 스토리 개연성이 너무 없습니다. 후반부엔 감정이입 하나도 못하고 있는데 갑자기 캐릭터들은 울면서 소리치고 있으니까 어이가 없더군요..영상미랑 노래가 다 아깝습니다.. 그...,2,0
67,"그림체, 자연묘사 등은 정말 뛰어나나 스토리 개연성 등 최악이었습니다. 너의이름은과 대조되는.... 엔딩마저도 최악너무 아쉬웠습니다. ",2,0
68,스토리따위 계속 미쳐있어도 돼! ,2,0
69,스포일러가 포함된 감상평입니다. 감상평 보기첫번째 베댓이 너무 테러를 해놨네요... 물론 어떤 영화든 호불호가 갈릴 순 있지만 졸작까지라고 할만 한 스토리와 개연성은 결코 아니라고 생각합니다. 비가 주구장창 내리는건 영화 내에서 분명 설명하고 있구요.(애초에...,10,1
70,"관람객묘하게 10대보다 20대~30대가 공감할게 많은영화. 전작은 스토리에 압도되서 봤는데, 이번작은 처음 봤을때 스토리가 부자연스러울정도로 개연성이 없다고 생각했음. 나중에 보니 배경이나 설정에 깔린 일본문화를 어느정도...",10,1
71,관람객노래랑 그림채 진짜 내가제일사랑하는 거 인정 어인저우ㅜ ,10,1
72,기대가 너무 높았던 것도 있지만 그냥 봐도 실망 스러웠을거 같다. 영상미가 좋은 건 인정하지만 스토리는 개연성이 없으며  감정이 북받쳐야 할 장면들이 다소 억지스러운 연출들로 이루어져 있어서 한국의 신파 영화를 보는...,4,0
73,신카이 마코토는 일본에서 몇없는 친한파 감독입니다 샤이니 종현 사망소식에 애도를뜻했고 세월호 사건터지고 같이슬퍼했습니다 너의이름은 영화에 세월호사건때처럼 윗사람이 재난에도 움직이지말고 가만히있어라 등 여러가지로 표현...,9,1
74,관람객첫 시청은 실망 2회차는 소름 3회차는 슬픔 4회차는 감격과 황홀이였다 영화관에서 안보면 평생 후회한다 ,10,1
75,관람객몰ㄹ ㅏ난 좋앗어 내가 좋앗ㄴ다는데 니네가 어쩔겨 ,10,1
76,"관람객좋다, 분명 영화안에 모든 복선이 있고 확인가능한건 사실이지만 솔직히 처음 보는 사람에겐 상당히 불친절한 영화는 맞다. 너무 많은 메세지가 담겨 있으니깐, 관객이 그걸 따라가지를 못한다. 첫회차때 개연성이 왜이러지?...",10,1
77,관람객두번째보니까 감동이두배.. ,10,1
78,모든 것을 다 내줄 수 있을 정도로 좋아하는 게 있다는 것이 정말 부럽다. ,10,1
79,사랑이 할 수 있는 일은 아직 많다 ,10,1
80,진짜 너의이름은 다음으로 인생영화.. ,10,1
81,다수를 위해 여자 희생 구하는 남자 어디서본듯한 클리셰에 키미노나와기대하고 갓다가 민망 시계 쳐다보다가 나왓네 ,1,0
82,"영화도 보고 여러 유튜버, 평론가의 리뷰도 봤고 실망했다는 유튜버가 하는말들에 어느정도 동의는 한다.그런데 그냥 좋다. 영화의 장점이 별5개로 표현하기 힘들정도로 뚫고 나온다. ",10,1
83,정말 기대하고 봤으나 실망이 컸습니다. 작화나 연출은 좋았지만 스토리의 구성이 너무 허접했습니다. 영화관에서 영상미에 감탄을 하며 보다가 '굳이 왜?' 하는 장면들이 많았습니다. 특히 총이나 하늘의 세...,3,0
84,전작에선 마을 하나를 박살내고 본작에선 도쿄를 침수시키는데 다음 작품 주인공들은 일본 멸망이라도 시키려는 것일까 흥미진진해진다. ,7,1
85,이시국 때문에 안보시는 분들 진짜 후회하실거임 ㅋㅋㅋ블루레이 나오고 집에서 시청중이면 분명 극장에서 볼걸 땅치고 후회할듯 ㅋㅋㅋㅋ 진짜 눈딱감고 보러가세요.눈물납니다 진짜로 ;^; ,10,1
86,"영화의 설정, 주제, 세계관, 음악, 대사, 작화 다 최고다... 극장에서 세번 봤다. ",10,1
87,3번째 관람했음.. 개인적으로 너의이름은 그 이상 ,10,1
88,관람객귀호강 이랑 눈호강은 확실히 시켜준 영화 ,10,1
89,관람객스포일러가 포함된 감상평입니다. 감상평 보기최고의 작품. 클라이맥스는 감동 그자체 ,10,1
90,관람객영상이 이뻐서 좋았습니다. ,10,1
91,진심 진짜 재미없습니다. 스토리가 심해 바다로 갑니다. 너의 이름은 감독 이름값으로 돈 번 영화입니다. ,1,0
92,스포일러가 포함된 감상평입니다. 감상평 보기영화보는 내내 주인공이 정신병잔줄 알았음 경찰이 주인공 정신감정 받아봐야된다는 멘트가 정확했다.애초에 왜 가출했는지 또 빛을따라 배에탔는데 왜 배에서 비쳐맞고 좋아서 쪼개고있었는지 궁금하고중간에 총을 부적으로 갖고있...,3,0
93,"지금까지 신카이 마코토 감독의 영화를 즐겨왔던 사람으로서 감독의 작화가 아름다운 거야 인정, 시대착오적 여성묘사는 일본이란 사회가 그런 사회니깐 그럴 수 있겠다 싶지만 스토리텔링으로 봤을 때 상당히 회의감이 드네 ",4,0
94,전작에있던 흥행요소들을 억지로 끌어들인느낌 부실한 개연성과 스토리를 영상미와 ost로덮음 ,3,0
95,신카이 마코토 감독은 언제나 하늘을 바라보게하는 영화를 만들어 주었지만 이번영화는 하늘을 바라볼 생각이 들지 않았다 ,4,0
96,영상퀄과 ost는 참좋았지만 개연성없는 스토리가 몰입감을 다 떨어트린다 개인적으로 다른의미로다가 조커보다 더한 혼돈의 개연성 ,3,0
97,관람객안 좋은 후기들을 보고 기대가 낮아져서 그런지 꽤 괜찮았다. 그 중 엔딩이 별로라는 말이 많았는데 개인적으로 마지막 15분이 제일 마음에 들었다. 그리고 뜻밖의 메세지 또한 좋았다.인류의 행복을 위해서 단 한 명의 ...,8,1
98,그냥 말필요하나 ;;  이특유 갬성좋아하는사람은 보세요 ,10,1
99,이런 명작에 1~2점 주고 82년생 김치영 쓰레기영화에 10점 박는 인간들은 정말 개돼지 그이상도 이하도 아님 ,10,1
100,왜 이렇게 감정을 강요하기만 하는지... 공감 되는 상황은 하나도 없고 심하게 오그라들어서 극장에 앉은 채로 OO 뻔. 남주는 약이라도 빨았는지 감정의 기복이 죽 끓듯. 엄청 유치하고 이 감독 것 중 단연 최악! ,1,0
101,너의 이름을 재밌게 본 인싸분이라면 강력 추천드립니다!!!.오타쿠적인 요소 하나도 없고 여자친구랑 보기 딱이네요. ,10,1
102,개연성이 구린게 아니다. 영화가 불친절할 뿐. ,10,1
103,영웅주의나 전체주의 아닌 소중한 사랑을 엿본 기분이에요. 잘 봤습니다. ,9,1
104,관람객래드윔프스가 ost하나는 진짜 잘만듬 ,10,1
105,안 봤다간 인생 손해볼 뻔 했다 ,9,1
106,ㅠㅠ감동적이네요 재밌었어요 ,10,1
107,신카이 마코토 정말 좋아하고 기대하고 보러갔지만 기대이상이였습니다. ,10,1
108,뻔한스토리... 일존 특유의 그런저런 애니 ,2,0
109,"이것저것 어떻게 리뷰를 달까 생각하면서 썼다 지웠다를 반복했는데 한 줄로 정리할 수 있겠더라구요. 쏘아올린 불꽃, 밑에서 볼까? 옆에서 볼까? 급으로 OST만 남았습니다. ",1,0
110,개연성 떡밥회수 이런 얘기들 하시는데 이 영화 세 번 본 사람으로서 개연성과 떡밥 회수 등에도 크게 문제 없어 보입니다. 처음 볼 때는 세세한 설정에 초점을 두기보다는 내용에 초점을 맞추어 감상하느라 몰랐었는데 두 ...,10,1
111,,1,0
112,관람객실망이 크다. 너의이름은은 럭키펀치였나?  작화는 끝내주더라 ,7,1
113,너의이름과함께 인생영화.. ,10,1
114,다 좋았는데 마무리를 그렇게 할 줄은 몰랐다. 자리를 뜨면서 순간 욱할정도로 어이없게 끝내버림. 너의 이름은 은 마지막 한마디에 임팩트라도 있었지 이건 뭐냐고... 그리고 남자 주인공 연기에 약간의 항마력이 필요함....,7,1
115,관람객폭죽놀이 보면 자도 됨 ,10,1
116,일본의 기반인 전체주의를 화려한 도쿄의 어두운 부분을 통해 은은하게 보여주며 나중에는 전체보다 개인을 선택함으로써 전체주의의 상징인 도쿄를 수몰시키는것으로 끝나는 엔딩이 인상적. ,10,1
117,전작 너의이름을 보다 훨씬 더 재밌습니다 ,10,1
118,"연출, 작화는 좋았는데 스토리 개연성이 정말 없고 끝나고 그래서 어쩌라고? 하는 생각만 든거같아요. ",4,0
119,평이 안좋길래 볼까말까고민하다가 봣는데 저는기대이상이었습니다레드윔프스ost도좋앗구요너의이름은을 재밋게보셧다면후회는안할듯해요좋은영화만들어주셔서신카이감독님과 스탭분들게감사드리고 차기작도 기다려지네요 ,9,1
120,하도 시국이 어떻고 노재팬이 어떻고 떠들어 대는 통에 좀 늦게 봤는데...일단 유튜브 돌아댕기는 말도 안되는 일본전체주의네 뭐네 하는 소리들은 다 헛소리고! 반전이라면 반전이 있고 영상미 좋고 일단 스토리가 짐작되면...,10,1
121,OST랑 작화는 정말 모든 면에서 만점을 주고싶음. 도쿄의 풍경을 정말 예쁘게 묘사하였고 특히 히나의 음식 요리 장면에 눈이 즐겁다. OST도 너의 이룸은 못지않게 좋다. 그러나 스토리가 어이없게 산으로 가고 개연성...,4,0
122,"경찰에게 쫓기는 극적인 상황 연출을 위해서 어거지로 권총 요소를 집어넣은 것 같음. 결과적으로 남주가 권총 쏠때 캐릭터, 배경음뿐만 아니라 관중석까지 갑분싸. 날씨 관련된 전설 속 설화이야기 설정은 독특해서 좋았으나...",4,0
123,영문도 모르는 관람객들 멱살부터 잡고 끌고가는 개연성이... 영상이랑 트랙들은 좋았지만 뭐랄까 후반부 갈수록 고구마만 잔뜩 먹어 목 막히는데 물 한모금 준 기분.세상이 미친걸까 영화가 미쳐버린걸까... ,4,0
124,노잼. 너의 이름에 얽매여 있음. 개연성 제로. ,4,0
125,신카이마코토는 눈뽕영화란걸 감안하더라도 너의 이름은 이전작의 개연성보다 더 못봐주겠는 스토리라인... 차라리 이해를 못하면 감성이라고 넘기기라도 하지 상업영화인지 씹덕영화인지 너무 작화아까워 ,2,0
126,"다들 너의이름은하고 비교하던데, 그냥 날씨의 아이라는 영화자체로 보기에는 너무 멋있었음. 스토리는 설명이 부족하긴 했지만, 유투브로 각각 해석들을 보다보면 다시 한번 보고 싶을정도로 재밌었음 ",10,1
127,관람객전작에서부터 위태위태하던 스토리 라인이 이번에는 아예 다 무너진 느낌 영상미만 볼만하다 ,4,0
128,다수를 위한 소수의 희생이 일반적인 세상에서 소년은 소녀를 위해 세상을 바꿉니다. 그 순수한 마음이 너무 동화같습니다. ,9,1
129,너의 이름은 반 만큼은 할 줄 알았다. ,3,0
130,너의이름은 본 사람이면 백퍼 실망합니다. 너의이름은으로 감독이 돈을 많이 번듯. 정말 진부하고 별로임. 졸작 ,2,0
131,작화 빼고는 뭐 볼 이유가 없다아주 잘 포장한 예쁜 쓰레기씨발 ,2,0
132,전작보다는 감동적이고 뭉클했음결말에 대해서는 호불호가 갈릴듯 하고개연성이 전작보다 떨어졌지만Ost나올때마다 소름돋고작화는 미쳤습니다 눈이 너무 즐거웠고황홀했어요! ,8,1
133,머리로 보는게 아닌 가슴으로 보는 띵작 ,10,1
134,먼저 같이 봐준 남자친구한테 사과합니다미안해 민규야..ㅠㅠㅠ 그래두 컬쳐데이라 제값주고 인봐서 다행 ,1,0
135,관람객전 너의 이름은보다 날씨의 아이가 훨씬 좋네요. 여운이 오래 남고 기억이 계속 나는 영화. 마침 태풍과도 같은 바람이 불어서 이런 날씨마저 날씨의 아이를 보라고 재촉하는 느낌. 영화관에서 여러 번 본 영화는 거의 처...,10,1
136,정말 감동스러웠어요 작화도 좋고 스토리도 괜찮고 무엇보단 하나도 어색하지 않는 성우들 연기력 ! 전 재미있게 보고가요 ㅎㅎ OST는 솔직히 너의 이름은을 못 따라가는거 같네요 개인적으로.. 그래도 나쁘지는 않아요 !...,10,1
137,물 고여있다 한번에 떨어지는 장면은 뭔가 암시하는줄 알았는데 아무것도 아니었네 그래도 영상미 때문인가 스토리는 좀 그랬어도 볼만했다 ,8,1
138,"저번 너의이름은이 상업적으로 만든 케이스였고 오히려 이번작품이 신카이 마코토 스러운 작품임, 근데 그게 꼭 장점은 아니고 영상미랑 OST는 쩌는데 스토리랑 개연성은 진짜 씹덕 아니면 모르겠음 초속 5cm때도 다보고나...",4,0
139,재밌다.홍보 못하고 유튜버들이 비판하거나 재미없다는 소리가 나오지만 영화는 역시 직접 봐야하고 판단해야한다. ,10,1
140,관람객역시 이쁜 영화보고 울었쟈냐~.~ ,10,1
141,"날씨의아이 최고의 작품! 재미있게 봤습니다.!!! 광광우럭따 하이라이트때 ost와 대사가 함께 나올때는 감성이 폭발한다. ""날씨따윈 계속 미쳐있어도돼"" ",10,1
142,개인적으로 너의 이름은보단 훨씬 재밌게봤네요 ,10,1
143,관람객보는 내내 울컥했다.나도 이런 작품 한번 만들어보고 싶다는 생각이 들었다. ,10,1
144,평이 너의이름보다는 기대하고 보지말라고 본적이 있어서그냥 마음비우고 봤는데.. 뭐지? 기대하고 봐도 괜찮은데? 라고 느꼈다사운드도 영상미도 스토리도 따뜻하고 좋았던 작품 ,10,1
145,물고기는 뭐고 용은 뭐고 비가 왜 그렇게 내리는지 떡밥 회수가 안됌;; ,4,0
146,정말 저에게 있어서 너의 이름은 다음으로 최고의 영화였네요 영상미도 끝내주고 영화관에서 보는 그 웅장함이나 감동은 감탄사를 지어낼 정도로 훌륭했습니다 역시 믿고보는 신카이 마코토 감독님! 영상 보는 내내 너무 좋았고...,10,1
147,왜 별점이 낮게 평가 되는지 모르겠다. 간만에 훈훈한 영화한편 잘 보고 나왔습니다. ,10,1
148,전작인 너의 이름은.도 개연성이 막 좋은 편은 아니었듯이 이번작품도 비슷하다. 하지만 감독 특유의 감성과 메세지로 충분했던 영화 ,10,1
149,관람객빛의 마술사 신카이마코토라는 걸 느끼게 해준 영화 ,10,1
150,관람객평점이 안좋길래 별기대 안하고 봤는데 정말 기대 이상이었습니다. 이 영화를 보고 재미없다고 하신분들은 진짜 영화 볼 줄 모르는 사람들이니 꼭 보시길 바랍니다. 저는 한번더 볼 의향이 있습니다. ,10,1
151,스포일러가 포함된 감상평입니다. 감상평 보기뻔한스토리 눈에 보이는스토리. 유일하게 이 영상에서 볼수있던건 영상미 였다. 솔직히 영화를 보는데 뻔하기때문에 볼때도 있다. 그러나 영화를 보고나서 느끼는게 있어야하며 개연성이있어야한다고 본다. ost도 솔직히 전작...,4,0
152,이 시국이라 외면받는것도 있는것같아서 많이 안타깝네 날씨의 아이 감독인 신카이 마코토는 한국 되게 좋아하고 그리고 일본에도 문제점이 많다생각해 이번 영화에 일본에 문제점들에 대해 잘 녹여낸 깨어있는 일본인임지금 상황...,10,1
153,스포일러가 포함된 감상평입니다. 감상평 보기모든 면에서 감동하고 갑니다방금 어떤 유튜브 해석 영상보고 왔는데비의 아이는 스가의 아내를 말할 수도 있다는데 만약 그렇다면 많은 이해 안되는 상황들이 들어맞네여..히나가 하늘 올라가니 날씨가 맑아진거처럼 아스카가 ...,10,1
154,"스포일러가 포함된 감상평입니다. 감상평 보기이 영화를 두 번 보고 평점을 줍니다. 처음에 봤을 때는 신카이 마코토 감독 작품이라는 것만 알고 가서 봤는데 호다카와 히나, 나기의 행동과 이야기의 흐름이 엉망이라고 생각했습니다. 아마 결말도 그렇고 사회에서 살아...",10,1
155,역시 여기 댓글 안보고 가길 잘했다. 온갖 전문가인척 다하면서 평점 테러하는데 너의이름은 때가 너무 레전드여서 그렇지 이정도면 스토리하나로 과소평과될 작품은 아니다. 이런 고퀄리티 애니 영화를 보는 이유가 사람마다 ...,10,1
156,영상미 ost 완벽하네요. 스토리 빼고 ㅋㅋ ,1,0
157,영상미와 사운드는 너무 훌륭하다 불꽃놀이 장면은 압권이었음.. 그런데 애초에 호다카가 히나에게 목숨 건 사랑을 시작하게 된 동기가 이해되지 않음ㅋㅋㅋ 같이 좀 붙어다녔다고 울면서 목숨을 건다는 건 금사빠 쉽사빠로만 ...,8,1
158,관람객내 인생 최고의 영화.. 보면서 몇 번이나 소름 돋고 몇 번이나 눈물이 글썽거렸는지.. ,10,1
159,"스포일러가 포함된 감상평입니다. 감상평 보기개인적인 생각이지만, 너의 이름보다 스토리 구성의 완결성이나 대중성을 확보했다고 보기는 어려울 수 있습니다. 하지만 저는 작화와 ost를 비롯하여, 전달하고자 하는 주제 의식이 특별해서 좋았습니다.신카이 마코토 감독...",10,1
160,난 너의이름은 보다 재밌게 봤음 아이맥스로 재개봉했을때 보니까 진짜 한번쯤을 볼만한 영화로 추천 ,10,1
161,"관람객아주 재밌고 특히 남주,여주 캐미가 장난아니에요 애절함과 사랑이너의 이름은 후속작으로 불릴만해요 ",10,1
162,노래 땜에 진짜 극장 몇번 감. 이 전율 사운든 극장아님 다신 못느낄것같음 ,10,1
163,진짜 광광우럭따... 특히 구름 밑으로 빠져나와 브금 커지는부분은 미친 하이라이트라고 볼 수 있음 ,10,1
164,"너의 이름은은 극장에서 안보고 티비로 봐서 그런지 울음이 나올라하는걸 참을수있었지만 날씨의 아이는 보면서 참을라고 했는데 울어버렸다.그만큼 굉장히 감동적이고 스토리 , ost , 작화 모든게 완벽하다.자꾸 사람들이 ...",10,1
165,,10,1
166,관람객처음엔 이게 먼 어거지야;; 라고 생각했는데 집에 가자마자 후폭풍 몰려와서 ost다 다운받고 울고 있습니다 최고.. ,8,1
167,"난 존잼이었는데너의 이름은 좋았던 사람은 좋아할 듯호불호 갈리긴하는데ㅠ 난 나중에 다운받아서 두고두고 볼 거,, ",10,1
168,다 보고나서 감독이 무얼 말하고자 한걸까? 의문이 들었습니다만 리뷰를 보고 알게됐네요. 그 의미덕분에 다 보고난 뒤 몰려오는 깨달음이 있어 이 영화는 정말 뜻깊은 영화라 생각듭니다 ㅎㅎ 어른들은 히나가 죽어야하는걸 ...,10,1
169,주인공이 조금 답답하다 느꼈지만 그 나이대 학생의 행동으로서는 매우 현실적이지 않을까 생각했다. 영상미는 진짜 미친 거 같다 ,10,1
170,감사해요 영화인으로서 ,10,1
171,권총은 떡밥이 아니라 자신을 위한 보호 수단이 아니였을까요 .실제로 총을 주운 장소가 몇달전에 야쿠자 총기사건이 있었던 장소구요.. 솔직히 개연성이 부족한점은 거의 없었던것 같습니다. 문제는 영화를 보지도 않고 불매...,10,1
172,개인적으로 너의 이름은이랑 비교하지않고 이 영화는 이 영화만의 색깔이 잘 담겨져있다고 생각합니다. 시간가는줄 모르고 봤네요. ,10,1
173,관람객영상미는 마음에 들었고 스토리는 무난했습니다. ,7,1
174,세상살이는 생각하기 나름! ,10,1
175,기대안하고 봐서 그런지 생각보다 진짜 재밌었어요 평이 안좋아서 진짜 별로인줄 알았는데 재밌게잘봤습니다 감동도 있구요 ,8,1
176,RADWIMPS OST 는 여전히 좋고 작화도 너무 좋았고 특히 불꽃놀이 할 때 소름돋았다 스토리가 안 좋다길래 별로 기대는 안 하고 갔는데 떡밥 회수도 그렇게 스토리에 신경 안 쓰일 정도로 괜찮았다고 생각 들었다....,10,1
177,영상미와 사운드가 돋보이네요 ,9,1
178,두번보게하는 영화! 곧 세번 볼듯 ,10,1
179,이영화 2번 보고 왔어요 재미 있어요 ㅎㅎ ,10,1
180,관람객ㄹㅇ 너무미쳤음 ㅠㅠㅠㅠ ,10,1
181,관람객정말 너무너무너무 강추합니다 ,10,1
182,여운 남으니까 볼 만 함 추천해요 ,10,1
183,관람객아주 볼만함 개꿀잼이였다. ,10,1
184,너의 이름과는 다른 재미 존잼입니다 ,10,1
185,후반 대탈출 지려서 10점 ,10,1
186,초속 5센티미터를 재미있게 봤으면 이 영화도 재미있다 ,10,1
187,마지막 히나가 자기 책임이라고 생각했는지 계속 기도하는 모습이 짠하면서 감동적 너의 이름보다 더 여운이 남고 후유증 심한 영화 그냥 작화 ost 호불호 갈리는 스토리 전개까지 완벽한 영화 ,10,1
188,왜 가출했는지 모르는 분들은 깊게 안봤나 보네요 얼굴에 있던 상처와 입학사진인지 졸업사진에서 옆에 아버지로 추정되는 사람은 기쁜날임에 불구하고 굳은 표정과 주머니에 손을 넣고있는것만 봐도 가정불화나 폭력이 추정되고 ...,8,1
189,관람객존나 잼이였음!!! ,10,1
190,도대체 뭘 다 알아야한다고 일일이 설명해야된다고 난리들인지. 별 의미없는것에 집착하고 본질은 생각못하는 바보같음 인증하고 장문으로 떠든것들 넘쳐나네. 그런 인간들은 수학문제풀이나 하고 그냥 다큐를 보는게 나을거같은데...,10,1
191,일본불매운동이란 민감한 상황만 아니라면 300만명 정도는 봤을거 같은 수작 인데 시대적 상황이 상황인지라 비판을 위한 비판이 많은게 아쉬울 따름 끝나고 ost 듣는다고 모든관객이 안나가고 있는 광경 오랜만에 봤다 ,10,1
192,스포일러가 포함된 감상평입니다. 감상평 보기요새 평론가 빙의한분들 넘 많은듯....개인적으로 이번작도 훌륭했음. 일단 이런 퀄리티 뽑아내는 자체가 대단함. 영상미 ㅁㅊ....유치하다는 분들 있는데 일단 주인공들 나이 부터가 10대임. 게다가 주인공들 배경부터...,10,1
193,이번 영화는 솔직히 끝까지 보기 힘들었다 ,2,0
194,너의 이름은에 비해 재미업써요 ,1,0
195,너의이름은 보고선 이 감독이 미야자키 하야오의 뒤를 이을 사람인 줄 알았는데 아...아직 멀었구나... ,1,0
196,진짜 미침 사람들 다 울던데 ㄹㅇ 강추 ,10,1
197,"스포일러가 포함된 감상평입니다. 감상평 보기한편의 ""칠광구"" 를 보는 느낌 이였다.감독 짱짱하지 성우 짱짱하지 연출 짱짱하지 전작 전전작 다 짱짱하지 그리고 기대를 떠나 봤는데 뭔 내용인지 스토리는 ""리얼"" 급이고  말도 안되는 ...",2,0
198,"관람객영상미에 비해 스토리, 결론 개똥 ",4,0
199,신카이라는 감독은 너의이름은처럼 하나하나 먹여줘야 밥인줄아는 영화만드는 감독이아닌데 너의이름은은 너무 다떠먹여줘서이번작에서 이해못하는친구들이많은것같다 스스로 생각하는힘이 부족한가? 책을많이 읽지않은건가 상상하는재미를...,10,1
200,처음으로 전율이란 걸 느낌. ㅎㄷㄷ ,10,1
201,스포일러가 포함된 감상평입니다. 감상평 보기첫번째 총알은 모르는 사람을 도와주기 위해두번째 총알은 사랑하는 사람을 되찾기 위해 ,10,1
202,개인적으로 너무 재밌게 봤음. 3번이나 봤는데 아이맥스에 최적화된 영화인거같음. 영상미랑 OST가 진짜 개지리는데 둘이 시너지효과 내서 소름돋는 장면이 한두개가 아님. 진짜 아이맥스 아니라도 꼭 한번 보는걸 추천.....,10,1
203,"사회의 테두리 밖으로 밀려난 채, 암울한 환경 속에 내던져진 가출소년과 고아소녀가 서로를 만나고, 의지하고, 사랑하게 되는 이야기. 모두의 비난을 받으면서도, 찢기고 걷어차이고 처박히고 멍투성이가 되면서도 소중한 사...",10,1
204,스토리 정말 개연성 없네 ,3,0
205,빛에 대한 비주얼리티 말고는 모조리 증발해버린 사람 같으니라고 ,4,0
206,"한 3번 보니까 그제야 난해했던 주제가 보이드라.이건 너의 이름은처럼 개연성 생각하면서 볼 영화는 아님, 이러니까 호불호가 갈리지 ",10,1
207,호다카 : 누가 날씨를 맑게했는지도 모르면서! 형사:머리아프군.. 청소년을 바라보는 사회의 시각 ,10,1
208,기대를 넘어선 연출과 배경덕에 지루할 틈이 없었다전개상 극단적인 부분또한 있었으나 나름 잘 풀어낸 것 같다 ,10,1
209,오히려 나는 너의 이름은 보다 더 대중적으로 다가왔다고 생각함. 더 공감할 요소가 많았달까그리고 기대를 저버리지 않는 아름다운 작화도 영화 보는내내 좋았습니다. ,10,1
210,신카이 마코토 영화를 보고나면 왜 이렇게도 기분이 좋아질까 ,10,1
211,스토리는 조금 아쉽지만 상당히 감동적이고 ost 영상 연출은 정말 훌륭했음 순수한 시점에서 이야기를 풀어내기 때문에 호불호가 꽤 있는데 내 경우엔 좋았음 ,9,1
212,"훌륭한 영상미와 OST, 빛 활용의 극한점과 더불어 어린아이든, 어른이든, 자신의 이기심을 책임질 줄 알고 성장해야한다는 신카이 마코토의  메세지가 담긴 훌륭한 작품이라 생각합니다. ",9,1
213,"영상미하고 ost만 좋고 스토리하고 개연성 어쩌구 저쩌구... 도대체 2시간 가까이 무슨 이야기를 전달 받은거냐. 용,물고기,하늘의 세계... 생각을 열고, 한 걸음 한 걸음 더 멀리 봐라. 과연 감독이 설명해줘야하...",10,1
214,다들 영상미를 극찬하고 스토리에 혹평하지만 오히려 상영 중 회수하지 않은 떡밥과 맥거핀들이 관람객의 상상력을 불러일으키는 듯. '그래서 뭐 어떻게 됐다는 거지...'라는 생각보단 '내 생각엔.....,9,1
215,울었다 뛰는 장면에서 누군가가 보고 싶어 저리 뛰었던적이 있었다 ,8,1
216,한번은 모르는 너를 위해 쏜 총.두번은 알고있는 너를 위해 쏜 총. ,10,1
217,"신카이 마코토 작품은 항상 여운이 남아서 참 좋은 것 같아요. 이 영화를 보고 난 후에 저 세계 속에 들어가서 살고 싶다라는 생각을 했을 정도로 스토리, 영상미, ost 삼박자가 잘 맞았어요. 좋은 작품 감사합니다....",10,1
218,존나 꼭 보셈 ㅋ 후회안함 ㅋ 이시국씨도 추천하는 것 같음ㅋ ,10,1
219,스토리 괜찮은데?권총은 극중 주인공의 극적인 상황을 위해 만들어낸 아이템이라고 생각하면서 보면 전혀 이해못할것이 없는데비가 내리는 이유는 그저 신의 감정이라고 다 설명 해줬자나 그래서 무녀가 있는거고 영화는 보고 이...,10,1
220,"스토리 개연성이 부족하다고는 하지만 스토리 따위는 1도 영향을 안줄 정도의 미친 작화와 ost, 성우들의 엄청난 연기력. 정말 최고였습니다. ",10,1
221,"본인은 애니 덕후이고, 디즈니나 지브리영화도 매우 좋아함. 너의이름은 엄청 재미있게 봤고 노래 나오는 순간 소름 쫙 돋았음. 근데 이건..기대가 너무 큰 탓인지 실망을 많이 했음. 일단 장점을 말하자면 특유의 그 일...",4,0
222,"OST,연출은 완벽함아쉬운점은 마지막으로 갈수록 급하게 전개되던가 떡밥회수등 아쉬운 장면이 많음 ",7,1
223,"집단의 행복만을위해 뭉게버리기에는 순수한 소년, 소녀의 사랑이 너무나도 아름답다 ",10,1
224,다 필요없고 빌딩 옥상에서 히나가 비를 걷으며 불꽃놀이가 열리는 장면만으로 충분히 볼 만하다고 생각합니다. ,8,1
225,"애니 별로 안보는 사람한테는 비추. 항마력  딸림말투, 소리지르는거, 일본감성환장의 삼위일체임 ",1,0
226,첫번째 총알은 몰랐던 너를 구하기위해 두번째 총알은 내 옆에 있었던 너를 구하기위해 ,10,1
227,"평점 1~2점 주고 개연성 없다는 사람들은 일본애니라는 이유만으로 억지로 까내릴려고 하는 사람들입니다. 관람객이라는 딱지붙은 댓글중 1~2점 준 댓글,  단 한개도 못봤습니다. 이런시기에 개봉한 것이 너무 안타까울 ...",10,1
228,역시 최고다 믿고 보는 신카이 마코토 ,10,1
229,진짜 대작이다 ㅠ  본걸 절대 후회하지 않게하는 영화엿다 ,10,1
230,보다가 잤다...스토리 완전 꽝임. 영화관에서 재미없어서 보다가 잔 건 처음 ,1,0
231,"요즘 정신없이 살아가는 청춘들뿐만 아니라 다른 모든 사람들에게 진정해줘야 될 말은 ""우리는 분명 괜찮을 거야""가 아닐까 ",8,1
232,"스포일러가 포함된 감상평입니다. 감상평 보기꼬치꼬치 따지면서 영화보는 편이 아니라고 생각했는데, 초반부분에 무당한테 가서 점볼 때 무당이 카미카쿠시를 언급하는 순간 스토리가 다 머릿속에 그려져서 김이 팍 샜네요. 그부분은 스토리가 원체 예상가능한 단순한 구조...",7,1
233,스포일러가 포함된 감상평입니다. 감상평 보기기성세대와의 시점차이 그리고 주인공의 희생이 결말이 아닌 부분 저는 좋았습니다. 개인적으로 중학생 시절 괴롭힘을 받았던 기억 때문인지 사람을 꼭 지킬 필요는 없다고 생각한 것도 있어서 그런지.. 꼭 히어로들이 세상을...,10,1
234,눈물 참느라 힘들었어요 요즘 반일정신병자들이 평점알바도 하나봐요 상상 이상의 작품입니다. 거짓말 아닙니다 ,10,1
235,문화시장까지 팔러갑시다 ,1,0
236,,1,0
237,미려한 그래픽 빼고는 정말 별로임. 스토리도 별로고 감동도 없고. 너의 이름은이랑은 차원이 다름. 너의 이름은의 감동 생각하고 봤다가는 실망함. ,1,0
238,너의이름은 다시보세요 ,1,0
239,하품 때문에 너무 많이 울었네요 ,4,0
240,"실망스럽기 그지없다.영상미는 역시 훌륭하나 ost는 옛날옛적 시간을 달리는 소녀과 쏙 빼닮은, 그대로 따온 것 같은 브금이 메인으로 깔리고. 이미 예고편서 나왔던 마지막 클라이막스곡 '그랜드 이스케이프'...",2,0
241,인터넷소설급 스토리는 그렇다 쳐도 도저히 주인공들한테 감정이입이 안됨 자기 나라 침몰시켜놓고 우린 괜찮을거야! 하는데 ㄹㅇ 싸이코인줄 또 스토리는 별거 없는데 전개는 엄청 느려서 2시간20분은 되는줄알았는데 알고보니...,1,0
242,너의이름은의 감동은 뛰어넘지못했지만 그래도 기타 애니메이션과는 비교도안될정도의 감성과 감동은 여전하다. 그림은 대폭 발전해서 이젠 경지에 이르는 수준. 그리운 얼굴도 볼수있으니 너의이름은 재밌게 본사람들은 그냥 보세...,10,1
243,정말 이런거 처음 써보는데방금 막 극장에서 1시반꺼 보고 나왔네요우선 영상미는 너의이름은 그 이상이면 이상입니다연기는 각각의 캐릭터가 잘 표현되고 감정선도 좋아요스토리 독특한 소재를 뻔하고 튀지않게 정말 현실에 잘 ...,10,1
244,0점 못줘요? 0점 주고 싶은데 없어서 1점 줍니다. ,1,0
245,내만원 환불안되나..  옆에서 울고잇는 사람분들 어느포인트에서 우는지 이해가되질않는다개연성 밥말아먹은 B급보다못한 영화이해안되는 포인트들1 총은 왜주웠나2 남주재워준 아저씨의 후반 태세변환3 집나온 이유4 대리러온 ...,1,0
246,관람객맙소사 신카이마코토 작품중 최고네요오래만에 울었습니다! ,10,1
247,관람객작화는 물론 오에스티 나오는 타이밍이 보는내내 소름돋았네요 나름 명작이라 생각듭니다 ,10,1
248,조금만 길었으면 최고였는데..ㅠ ,10,1
249,"호다카의 총구는 왜 어른에게로만 향할까? 날씨의 아이는 세상을, 어른들을 등지고 운명을 바꾸는 호다카와 히나의 이야기를 애틋하게 담았다고 생각한다. ",10,1
250,아이맥스 재개봉한대서 봤는데 역시 영상미 죽이고 ㅜㅜ ost 때문에 벅차서 눈물이 그냥 나네요 ㅠㅠㅠㅠ 체곱니다 !! 안보신 분 꼭 보셨으면 좋겠어요 ,10,1
251,"관람객영화의 개연성은 미흡했을지도 모르나, 어릴때부터 부모를 여의고 살아가는 청소년들의 불안감이 잘 묘사되었다.영화외적으로 도쿄가 주 배경이였는데 도쿄여행갔을때 봤던 배경들이 그대로 묘사되어서 너무좋았다 ",9,1
252,영상미 진짜 장난 아님 ,10,1
253,"호다카의 감정을 이해하지 못하는 사람에겐 별로일 영화일 것이다. 하지만 내가 원하는 그 한 사람을 위해서 이 세상을 버려도 되고, 모든 것을 바쳐도 되는 그런 마음에 공감할 수 있다면 최고의 영화로 남을 것이다. O...",10,1
254,이해할 수 없는 전개와 알 수 없는 배경설정. 내용과 장면들 사이의 연결점이 너무 미약하여 몰입에 방해가 됐던 듯. 전작이 비해 매우 실망. 파편화된 허무맹랑한 이야기들의 병치의 연속이었던 듯. 전작과 같은 재미를 ...,3,0
255,"영화 상영중에도 ,상영 끝나고도 “진짜” 님들의 대화 소리가 상당히 거슬렸습니다 ",4,0
256,별로라는 말도 있지만 난 좋았다. 재밌음뭔가 주인공이 되게 열심히 살고 감정에 충실한? 총이 나와서 더 극대화 된거같은 느낌인데 그런 진심이 전해져서 맘이 울렁거렸음 전작과 비교해도 충분히 이 영화만의 감동이 있다....,10,1
257,관람객이 감독이 더 좋아지게 만든 작품이다.스토도 맘에들고 배경 원화가 워낙 좋아서 좋았다.영화의 길이는 적당한 느낌. ,10,1
258,"너의 이름의 스토리를 기대하고 갔지만 남은 것은 너의 이름급의 OST와 영상뿐. 스토리 초안만 짜둔 것을 그대로 영상으로 옮긴 듯,떡밥으로 볼 것은 많았지만 내 상상의 떡밥이였을 뿐이었다. 무엇도 설명하지않고 좋아하...",2,0
259,작화나 음악은 믿고 보는데스토리나 연출은... 글쌔다.. ,7,1
260,너무기대하고 본걸까? 영화가 뭘 말하고싶은건지 너무 난해하다. 그리고 개연성이 너무 심각하다. 영화를 4시간짜리로 만들더라도 개연성을 좀 챙겼으면 했겠는데.. ,3,0
261,아....진심으로 실망....스토리 개연성이 아예없다고 보면됩니다....남주의 행동이 이해가 되지않고 16살의 철없는 행동으로 치부하기에는 유치원생 수준의 생각을 갖고 행동하네요....너무 실망했습니다. ,4,0
262,스토리 이말년이썻냐 ,3,0
263,전작때문에 기대가 너무 컸던 탓인지 실망이 좀더 컸음.. 뭔가 감동을 억지 유발시키는 것 같았고 특히 초반엔 솔직히 항마력 딸려서 보기 힘들었다떡밥회수부족 설명부족 뜬금없는 감정급변화나 억지텐션 등등 작화랑 오에스티...,4,0
264,관람객너무재밌다 ,10,1
265,한번만 더 영화관에서 보고 싶다.. ,10,1
266,현일본사회를비판한 영화인거같내요 잘보고갑니다. ,10,1
267,세계를 위해서 희생해야 한다면 과연 자신은 어떻게 할 것인가? ,10,1
268,영상미는 말할 것 없이 이쁘고개인적으로 <너의이름은>보다 더 감동적이고 여운 남아요. 마지막 15분은 정말 몰입하고 봤네요. ,9,1
269,관람객영화를 본지 꽤 되었지만 아직도 깊은 여운이 남아있고...또 보고싶어지는 영화. ,10,1
270,,10,1
271,더할나위 없는 신카이 마코토표 애니 ,8,1
272,관람객저는 진짜 너무 재밌게 봤어요. 완전 재밌고 작품 전체를 관통하는 주제가 잘 드러난거 같아요. 저라도 도쿄고 양육이고 나발이고 그 두 아이가 행복하길 바라겠어요 ,10,1
273,노래가 너무 좋았어요ㅠㅠ 연출 영상미 너무 좋았어요ㅠㅠ ,10,1
274,제일 좋았다 최근에 본 영화중에 ,10,1
275,개연성 없는 스토리도 압살하는 영상미와 OST가 최고의 조화 .. 그리고 어린 성우들의 명품 연기도 너무 좋았던 .. 2-3회차까지가 딱 좋은 것 같아요. 스토리에 끌려가지 않고 가슴에 일렁이는 무언가가 참 좋았음....,9,1
276,진심 나는 볼 때마다 운다고 ㅅㅂ ㅠㅠ 너의 이름은은 띵작이고 이건 해석을 보면서 풀어가야 진짜 감탄밖에 안 나와.. ,10,1
277,스토리는 만족스러웠고 연출과 작화모두는 너의 이름은 때만큼 놀라웠습니다. 다만 남주가 가출한 이유 등이 좀 더 세세하게 나왔으면 좋았을 것 같다는 아쉬움도 남네요. 타키와 미츠하가 까메오로 나온다는 소소한 즐거움도 ...,9,1
278,도쿄풍경이 너무 똑같아서 놀랐다 ,10,1
279,"하늘에도 세계가 있지 않을까? 라는 상상에서 시작된 어른들은 이해하기 힘든 순수한 동화같은 이야기를 담은 작품. 스토리전개가 완벽하거나 막 친절하다고 느껴지진 않지만, 판타지영화에서 현실적이지않다느니 떡밥회수니 개연...",9,1
280,"호다카가 가출한 이유를 밝혔다면 꽤나 많은 사람들에게 공감을 얻을 수 있었을 것이라고는 생각합니다.하지만 ""일부러 밝히지 않았다""는 신카이 감독의 의도는 포기해야 했었겠죠.<날씨의 아이>를 ...",10,1
281,상영기간 좀만 더 늘려주면 좋겠다 진짜.... ,10,1
282,관람객,10,1
283,그냥 2년동안 모든걸 갈아넣은게 보인다 ,9,1
284,권총 떡밥은 끝까지 안풀렷고 너의이름은 캐릭터들 나온건 매우 좋앗다고 봣는데 떡밥 풀어놓고 회수를 안한건 좀 그랫네요 그래도 볼만 합니다내용만 보지말고 주변 배경을 보세요 너무 아름다워요 자연재해는 역시 신카이 마코...,10,1
285,스토리는 그냥저냥이지만 애들 연기도 잘 하고 영상미랑 ost는 쩔어서 마지막에 울컥함 ,10,1
286,날씨의 아이를 보고 나왔는데 비가 내리는데 와....얼마나 소름 끼치는지 매우 재밌게 봤습니다. 강추!!! ,10,1
287,개연성얘기 하는사람들은 너의이름은에서 고딩이 폭탄테러 하는 건 개연성 ㄱㅊ음?ㅋㅋㅋ ,10,1
288,관람객재밌게 봤습니다. ,8,1
289,"눈은 호강, 귀도 호강, 뇌는 안 호강... ",7,1
290,관람객가장 신카이 마코토스러운 시각 작품 ,7,1
291,"Ost, 영상미 하드캐리 너의 이름은이랑은 또 다른 매력 ",10,1
292,평점이 생각보다 높다니 개인취향인가. 내용도 삼삼하고 개연성도 감동도 없음. 극장에 걸리는 게 신기할 따름. 생각해 볼 내용은 전체를 위해 개인의 행복을 희생하는 것이 합당한가 이정도 ,3,0
293,저 개인적으로는 너의 이름은 보다 재밌었네요 ㅎㅎ ,10,1
294,극에 달한 영상미. 그러느라 구석에 처박아둔 개연성. 둘다 챙길순 없었을까? ,3,0
295,감독이 하고자 하는얘기가 뭔지..  영화 끝나고 생각나는건 축축하데 내리는 비.. ,3,0
296,일본 무속신앙  가출  연애  황당한 스토리돈 돌리도 ㅠㅠ ,4,0
297,눈귀뽕은 제대로지만 마음을 채우진 못한다 ,7,1
298,후반부를 위한 영화 서로 하늘에서 만났을때 ost 하고 작화 하고 성우 느낌들도 너무 잘어울렸다 ,10,1
299,솔직히 한번만 본 사람은 없을듯 ,10,1
300,영상과 노래만 들어도 가슴이 뭉클뭉클 하더라고요신기하게 다른분들도 비슷하게 느꼈다고 합니다참 대단한 애니입니다만 너의이름은 보단 후퇴한거 같습니다그래도 다음 작품도 기대되서 10점 드립니다 ,10,1
301,"처음 봤을때 제목 날씨의 아이는 히나라고 생각했는데, 두번째 보니 날씨의 아이는 호다카였다. ",8,1
302,스토리는 호불호 갈릴만 하긴한데 죽어라 깔 정도는 아닌거 같음.. 그냥 이런저런 설정에 대해서 설명이 부족했다고 느껴짐 그런 부분만 제외하고는 개인적으로 너의 이름은 볼 때보다 더 좋았다. 조커를 보고 그 미친 연기...,10,1
303,,10,1
304,관람객영상미 만으로도 본전은 챙긴다. 후반부 그 장면에서는 이성적 동의를 떠나서 그냥 눈물이 핑 돈다 ,8,1
305,내가 이걸 아이맥스에서 보질 못한 것을 평생 후회할 것 같아요 ,10,1
306,"말이 필요없다ㅠㅠㅠㅠ한번쯤은 꼭 봐도 좋은 작품이라고 생각합니다ㅠ!이시국씨도 날씨의 아이는 괜찮다고 생각하시지 않을까요..?신카이 마코토 감독도 한국을 굉장히 사랑하는 사람이니까, 아직 못보셨다면 꼭 한번 보시기를 ...",10,1
307,신해성감독만수무강 ,10,1
308,관람객장면 하나하나가 예술임. 넘 좋았음. ,10,1
309,재밌어요 너의이름은 처럼 큰 여운과 전률을 남기지 않지만 재밌게봤던것같아요 ,10,1
310,"너의 이름은 보고, 바로 영화관에서 봤습니다. 행복합니다 ",10,1
311,영상미나 ost 부분은 아름답지만솔직히 개인적으로는 이해가 되지않는 부분이 많아서 힘듦었습니다.더욱 이해가 되지않는 부분은 영화관에서 눈물?을 보이며 집중 하는 몇몇 분들이 있고 인생영화라는 사람이 있어서 내가 이상...,1,0
312,너무 울었어여 ㅠㅠ 다음에 또 볼거에여 ,10,1
313,관람객정말 재밋게 봤습니다ㅜㅜ 저는  솔직히 너의이름은 보다 더 좋았어요.  여운 진짜 오래남을듯 ,10,1
314,개인적으로 너의 이름은 보다 더 여운이 남는 영화인거 같아요 ,10,1
315,"관람객모든 물체, 사물, 물방울, 모든 것에는 어쩌면 숨겨진 의미가 있다고 생각하며 이야기의 판타지한 모든 것이 마음에 들고 OST와 더불어 영상미가 너무나도 기억에 남았다. 또 평소 좋아하던 감독이었기에 기대를 많이 했...",10,1
316,애니를 별로 좋아하진 않지만 엄청난 작화와 마지막 클라이맥스에선 온몸에 소름이돋을정도로 좋았다 재밌었고 한번 더 보고싶은 영화 ,10,1
317,개핵노잼 ㅋㅋ 중2병에 도시병걸린 애새끼가 도쿄로 가출해서 온갖 범법은 다 싸지르고 다니는데 경찰이 애새끼 하나를 못잡아서 결말도 못찾는 노답영화 ㅋㅋㅋ 총은 왜 나온건지 1도 모르겠고ㅋㅋ ,2,0
318,너의이름은 너무 재밌게 봤는데 이건 ㄹㅇ ㅈ노잼 ,2,0
319,관람객이 영화로 얼어 붙은 한일관계가 개선되길 바래봅니다 ,10,1
320,난 보는 도중 울었다 눈물나더라 ,10,1
321,뭔가 몽환적인데 별로임 ,4,0
322,이거 보고 오열했어요 너무 슬프고 웃기고 재밌고 현실감있고 그림체가 생생하게 느껴지고 너무 재밌어요 날씨를 주제로 한 영화는 처음봤어요 너무 재밌었고 다음에 또 보러갈거예요 ,10,1
323,이 영화의 관전 포인트는도쿄침몰이다. ,10,1
324,진짜 연개성 너무떨어지고 너무 완성도 낮고 영상미는 좋았으나 스토리를 너무너무너무어너어무 개판으로짬 ,1,0
325,느그 김지영보다 10000배 재밌습니다 ,10,1
326,재미없다는사람 이해 안됨 ,10,1
327,스포일러가 포함된 감상평입니다. 감상평 보기왜 다들 '너의 이름은'이랑 비교를 하는지 모르겠습니다. 분명 전작품보다 스토리의 개연성이 부족해서 저도 마지막에 결론을 맺지 못하고 끝낸 부분은 아쉬웠으나 영화나 드라마 자체나 허구성이나 과장이 들어...,9,1
328,"배경지로 설정된 카부키쵸는 애초에 환락가로 유명한 곳이며, 실제 작년 한해 일어난 총기사건만 6건입니다. 현지 사람들은 고증 잘 됐다고 하는데 뜬금없이 총이냐며 까는 사람들을 위해서 적습니다. ",8,1
329,개인적으로 너의 이름은보다 훨씬 재미있게 봤고 평소에 똑같은 영화 여러 번 안 보는 편인데 이건 이제 3번째 봅니다 영화관에서는 더더욱 여러 번 안 보는데 ost 들으면 또 보고 싶어지고 봐도 보고 싶어지고 무한 반...,10,1
330,작화랑 ost랑 감정선은 좋았는데 음.. 뭐랄까 그동안 신카이 마코토 감독이 스토리로 욕 많이먹긴 했어도 이번엔 진짜 최악에 가깝긴 함.. 등장인물들 간의 이야기가 너무 개연성이 떨어지니까 사실 몰입하기가 좀 난해하...,8,1
331,관람객ㅠㅠ후반에 질질짬난 재밋게봄 ㅠㅠ ,10,1
332,재밌어요 2번보고 3번보고 싶어요 ,10,1
333,"개연성.... 의미라... 한사람의 상상력을 보는 것에 왜 그런 시점에서 보는지 이해가 안가네 말 많아서 보고왔더니 재밌던데, 왜 도쿄로 왔냐 읭? 답답해서 왔다잖아, 그럼 전쟁이란걸 잘 모르는 훗날의 세대는 하울 ...",10,1
334,나에게 어둠을 보여준 사회가 아니라.나에게 빛을 보여준 사람을 선택할꺼야.그 사람과 함께라면 이 세상따윈 아무래도 상관없어 ,10,1
335,애니를 내 돈주고 영화관에서 보는 것이 처음인데 생각보다 정말 좋았다 내 돈 주고 봐도 안 아까울 영화에 손 꼽힌다 정말 작가님이 대박이신거같다 ,10,1
336,"스포일러가 포함된 감상평입니다. 감상평 보기맑음소녀는 날씨를 맑게 해주는 능력이 있고, 저는 마음이 슬프면 하늘도 흐리고 비가 오던데 뭔가 공감가고 감동적인 영화입니다. ",10,1
337,나는 당신이 전하고자 하는 것이 뭔지는 모르지만 나에겐 감동이었으니 설정이 뭐든 어떻든 난 좋았다! 공감하면 따봉 눌러주세요 헤 ,10,1
338,기성세대들이 만들어낸 세상에서 집단을 위해 희생이 강요되는 아이들에게 보내는 격려와 같은 영화 ,10,1
339,이제 마냥 비오는 날이 싫지만은 않을것 같다. ,10,1
340,나혼자 울었나봐요... 큰 기대 없이 봤다가 울컥... ,10,1
341,만원이 적은 돈은 아니지만 꼭 영화관에서 시청하시길 권유드립니다 ,10,1
342,스포일러가 포함된 감상평입니다. 감상평 보기나는 세카이계 작품을 정말 좋아한다. 주인공과 히로인 두명의 이야기에 세계의 운명이나 종말을 잔뜩 끌어들인 후 아무렇지 않게 세상을 내던져버리는 호쾌함이 좋다. 신채호 선생님은 세계가 아와 비아의 투쟁이라고 표현하였...,10,1
343,대작이다....ㄷㄷ ,10,1
344,권총이 왜 등장했는지 이해 못한다는 사람들은 그냥 영화해석 능력이 없는거임. 고등학생이라는 어린 나이에도 지켜주는 사람 하나 없고 말을 들어 주지도 않는 세상에 대한 반항의 '장치'인거지. 평소엔 말을...,10,1
345,전작에 비해 별로였어요. 지루하기도 했고 억지스러운 일본 감성... ,1,0
346,OST 와 영상미야 좋은데 흠.. 나머지가 좀.. ,4,0
347,너무재미없어서 놀람 잠들었는데 사운드때문에 깨서 더짜증남 그냥 진짜 엄청 재미가업ㄱ음감동따위없어 ,1,0
348,너무 실망스러움.. 영상미랑 음악 좋다해서 스토리 구려도 그거만 좋으면 봐야지 했는데 그냥 전형적인 일본 스탈; 너무 뻔하고 진부하고 스토리도 뭔 얘길 하고 싶어하는지 모르겠음... 일본 감성 예쁘다고 생각해왔는데 ...,1,0
349,여운이남아서 또보러갑니다 ,10,1
350,날씨의 아이 평점 10점 미만 준 애들 쳐나오라고 말하고 싶을 정도로 너무 좋았음 ,10,1
351,관람객보면 볼수록 새롭게 느껴지는게 많습니다 ,10,1
352,이 시국드립좀 작작해라. 불매운동하는건 뭐라 안하겠는데 불매운동안한다고 매국노몰이 하는건 아니지.신카이감독이 한국에 대해 좋으면 좋게봤지혐일감독도 아닌데 이시국드립ㅉㅉ ,10,1
353,내용을 만들어 가기위해 열거하는 스토리들이 전혀 개연성이 부족해서 이해가 가질 않고 그래서 감동도 전혀 느껴지지 않는다 화가난다 ,1,0
354,스포일러가 포함된 감상평입니다. 감상평 보기'맑음 소녀'는 내 얼굴에서 비가 그치게 두지 않았다. ,10,1
355,영화 후반에 그랜드 이스케이프 하이라이트가 나올때 소름돋아 나도모르게 눈물이 흘려내렸다.... ,10,1
356,믿고보는 작화+영상과 노래가 겹쳐서 연출될때마다 느껴지는그 소름은 신카이 마코토만의 영상미가 제대로 느껴지는 부분입니다. ,10,1
357,시국이 형은 나가있어 두l지기싫으면 ,10,1
358,관람객마지막 쯤 ost 나오면서 둘이 떨어지는 장면 소름돋았어요전체적으로 영상미가 좋아요걔랑 같이 봤으면 더 좋았을텐데.... ,10,1
359,씹덕들만의 감동 스토리. 씹덕들의 경전 꺼무위키를 봐야 그나마 좀 납득이 간다. ,1,0
360,아름다웠지만 뭔가 아쉬웠던 영화중간에 타키와 미츠하가 나올 때 전작이 생각났고 결말은 솔직히 놀랐다. 상상도 못한 결말~ ,8,1
361,스포일러가 포함된 감상평입니다. 감상평 보기현제 지금까지 총 6번 본 후기로 말씀드리자면우선 개인적으로는 정말 좋았습니다. OST나작화는 말그대로 영화 보는 내내 정말 소름이였어요 호다카가 스가한테 총을 겨눴을때도 소름이더라구요.. 전 괜찮게 봤습니다! ,10,1
362,모든 사람들을 만족시킬 순 없겠지만 적어도 저는 정말 재밌게 본 영화입니다!! 개봉 당시에 영화관에서 두 번 봤어요.. 우선 날씨를 소재로 한 영화인 만큼 배경과 빛 연출이 너무 예쁘고 좋은 영상미에 ost까지 너무...,10,1
363, 너의이름은  감동  비슷하게 느낌  몽글몽글 ,10,1
364,모든 일에는 리스크가 있다. 그것이 행복일지라도 ,10,1
365,"더 발전한 화려한 작화와 Ost, 영상미는 정말 최고.. 비오는 날이 나쁘지만은 않을수도 ",10,1
366,"스토리가 아쉬운건 사실이지만 영화와 완벽히 어울리는 노래, 연출과 영상미는 정말 대단하다고 생각한다. 영화를 보면서, 그리고 보고난 후에도 여운이 남는건 신카이 마코토 감독만의 능력이라고 생각한다. ",9,1
367,"스토리는 조금 빈약하지만, 영상미하나는 세계최고다.. 불꽃놀이씬과 대탈출씬은 IMAX로 봤는데 평생 잊지못할 기억 ",10,1
368,,10,1
369,너의 이름은 감독님이 만드신 영화셔서 보게 됐는데 너의이름은 보다는 스토리가 떨어지는 감이 있지만 작화나 ost가 진짜 이렇게 좋을줄 몰랐네요 진짜 추천합니다 ! ,10,1
370,,10,1
371,정말 몇번을 봐돔 질리지 않음.. 본인은 너의 이름은 보다 더 좋았음 ,10,1
372,영화관에서 봤었는데 또 보고 싶어욤 .. 노래도 진짜 좋고 진짜 짱 짱 ㅜㅠ ,10,1
373,,10,1
374,관람객쟈미있게봤당 ,8,1
375,꼭봐라 ,10,1
376,소중한것을 지키기 위하여는 나의 소중한것을 버려야만 할때도 있지만잃기보단 지키고싶어하는 어른과 소년의 갈등 ,10,1
377,후반부에 호다카가 철로 따라 달려 도착한 폐건물에서 경찰들과 대립하는 부분에서 고조되어 히나와 손을 맞잡고 소리치는 부분에서 절정을 찍음. 이 부분은 진짜 소름돋았던듯. 이 장면 보려고 영화관에서 5번을 봤다갠적으로...,10,1
378,관람객이제부터 맑아질 거야 ,10,1
379,스토리는 몰라도 나머진 다 좋았음 근데 VOD언제 풀림...? 왜 아직도 상영중이여 ,10,1
380,관람객정말 좋았습니다. ,10,1
381,진짜 레전드 영화 나왔다 ㄷㄷ ,10,1
382,,10,1
383,만약 나도 같은 상황이었다면 정말 많이 고민했을 것같다. 사랑하는사람과 세상 두가지를 놓고 어떤것을 선택해야 한다면 나는 과연 올바른 선택을 할 수 있을까 ,10,1
384,관람객무엇이 당신의 마음을 울릴까?낭만이 사라진 시대에 다시금 행복한 상상을 하게 만든다. ,9,1
385,"애니메이션이 아닌 예술 그 자체다. 보는 내내 소름돋는 연출과 음악, 영상미는 스토리를 압도해버렸다. ",10,1
386,제가 영화보러도 잘안가고 가도 1번밖에 안가는데 이영화는 8번이나 갈정도로 엄청난 영화였습니다. 대구 재개봉 하면 좋겠습니다 ,10,1
387,"스토리가 진부하고 허술하더라도 결국엔 영상미, OST로 감정을 뒤흔들어버리는 신카이 마코토가 이제는 무섭다. ",7,1
388,일본애니라고 안보기에는 드물게도 일본에 대해 상당히 적나라하게 표현한 애니. 스토리는 개연성이 좀 떨어지지만 작화랑 ost만으로도 충분히 볼 가치가 있음. ,7,1
389,찌질함의 비극을 잃어버린 마코토 감독의 마지막 원작 영화이길 바라... 과연 본인은 이 결말이 정말 최선이라고 생각했을까? ,7,1
390,이 영화를 그레타 툰베리가 싫어합니다.. ,4,0
391,영화본 소감은 '왜?'였습니다 ,4,0
392,너의 이름은 과 똑같은 연출 ,4,0
393,"개인과 사회, 나와 너. 전작에 이어서 많은 생각을 갖게 한다. 화면과 음원은 환상이다. ",9,1
394,"영화에 즐거운 요소, 감동적인 요소, 슬픈 요소가 적당히 알맞게 있어서 영화를 정말 즐겁게 봤습니다.특히 풍경, 자연, 그리고 특히 비가 너무 리얼리티하여 정말 재밌었습니다.  다음 작품이 언제 나올지 모르겠지만 계...",10,1
395,개인적으로 너의 이름은보다 날씨의 아이가 더 좋았습니다.얼른 다시 보기를 바라고 있어요 ,10,1
396,누가 구데기 망작이네 어쩌고 저짜고 하는데 절대 그럴정도의 영화는 아닙니다 저한테는 굉장히 재밌는 영화에요. 다른 사람들도 그렇게 생각할거고... ,10,1
397,보면서 중간 중간마다 숨이 턱턱 막혔다고 해야하나 작화랑 OST가 최고입니당 ,10,1
398,걍최고...말이 필요없다 진짜 신카이마코토님 그리고 등장인물들 그리고 영화를 만드신 모든 스태프분들 이런영화 만들어주셔서 정말 감사드리고 사랑합니다!!!!너의이름은과 더불어 인생 최고의 영화다하트x10000 ,10,1
399,관람객최고의 영화. ,10,1
400,사나이를 울게 만드네요. ,10,1
401,"솔직히 한번보기에는 아까워요 ,,내용다안상태에서 두번은더봐야될듯내용해석하면서,, 개인적으로너의이름은보다 후유증이 오래남는 영화네요,, ost도 미쳤고 둘다좋지만 너의이름은보다 더 재밌었습니다 ㅠ 장면하나하나랑 ost...",10,1
402,맑은 날을 좋아하는 나로서는 백퍼 공감가는 스토리에 실사같은 영상미는 눈호강 ,10,1
403,관람객비교대상이 너의 이름은이라서 그렇지 이거도 충분히 재밌음 ,9,1
404,스토리 보다도 영상미랑 노래가 진짜 너무너무너무 감동이었어요 진짜 감동.... 막 울뻔 노래 가사 다 알면 진짜 너무 따라 부르고 싶었을정도 ㅜㅜ 오타쿠가 될거같았어요 흡 진짜 아이맥스로 못본게 한... 딱 하루 하...,10,1
405,관람객영상미와 음악이 어우러진 수작! ,10,1
406,"굉장히 좋은 영화. 현실감 있는 작화, 전체주의 비판 등 많은 것을 담은 영화이다. ",10,1
407,관람객마지막 장면 마지막 대사는 정말 가슴을 뭉클하게 만들었습니다. ,10,1
408,관람객재밌읍니다. ,8,1
409,영화 이건 꼭 봐야함.않보면 평생 후회함 ,10,1
410,영화 이건 꼭 봐야함.않보면 평생 후회함 ,10,1
411,관람객눈물나도록 아름다운 작품이었습니다. ,10,1
412,대의 보다는 본인의 행복 선택 인상적이네요특히 비오는 장면 표현이 실감납니다 ,8,1
413,"최근에 본 여오하 중에 최고네요!일단 스토리가 너무 흥미진진하구요~영상미까지도...1주 후인 오늘 겨울완국2를 봤는데, 너무 비교되됩니다. ",10,1
414,"두뇌회전이 안되는 사람들에겐 악평을 두뇌회전이 빠른 사람들에겐 호평을 받을 만한 애니메이션이다. 곳곳에 숨겨진 디테일함은 관람하는 사람들에게 충격적으로 다가온다. 예를 들면 2024년 3월을 나타내는 달력, 오락실 ...",10,1
415,관람객매우 매우 매우 재밌어요 ,10,1
416,이 세상의 묻어있는 아름다움을 극대화한 작품. 신카이 마코토 자체의 영화. ,10,1
417,불친절 해서 한 번만 본 사람을한테 혹평을 받지만 숨겨진 의미들을 차악하고 재관람 하면 정말 감동적 ,10,1
418,,8,1
419,직접 보고 왔습니다만 진짜 너무 재미있네요. 8점후반대인데 반올림해서 9점했습니다. 다 좋은데 단점 하나가 있다면 날씨의 아이는 일본 특유의 오버액션? 같은 한국에서 말하는 중2스러움이 좀 있습니다. 이 부분만 제외...,9,1
420,아들이 보자고 졸라서 보러갔는데 정말 재밌었어요!!!감정이 이입되어 눈물이 살짝... ,10,1
421,관람객,10,1
422,관람객감동적이고 스토리도 아름다운애니. ,10,1
423,관람객,10,1
424,관람객여러모로 생각할 수 있게 만든 영화였다. ost또한 매우 좋았다. ,9,1
425,관람객날씨표현의 마술사 신카이..  푹푹 찌는 날씨와 폭우에 잠긴 도시를 한 화면에 담아낼 생각을 어떻게 한거냐 ㄹㅇ ,10,1
426,,10,1
427,미친 ost와..너의 이름은 못지 않는 감동과 후유증..후반 부분 호다카가 히나를 하늘 위에서 만날 때 온 몸에 소름이 돋고 눈물이 나왔다..한번 더 보고 싶은데 이제 상영관이 없다..ㅠㅠ ,9,1
428,관람객스토리는 아쉬웠지만 사운드 및 영상미는 최고였다고 봅니다다음에도 좋은 작품 내주세요 ,10,1
429,너의 이름은 보다 별로라는 소리가 많아서 설마하고 갔는데 더 재밌고 순간 전율은 엄청났습니다ㅡ 저는 너의이름은을 재치고 제 인생영화입니다 ,10,1
430,처음 볼 때는 감동적이긴 했지만 어딘가 어색했지.근데 딱 한번 다시보니까 그때부터 이상할 정도로 감정이 1회차의 몇배 이상으로 밀려들어옴. 사정을 조금 더 이해하게 되었다는 그 차이만으로 몇번이고 더 다시 보고 싶어...,9,1
431,"관람객영상미가 미쳤고, 너의 이름은 보단 스토리의 개연성이나 연출력이 떨어졌어도 충분히 신박한 스토리구성과 전개였고 감동스럽기도 했습니다. ",9,1
432,"관람객처음보다 두번째가 더 몰입되는 영화 스토리가 미흡하다?? 신카이 마코토 작품을 너의 이름은'만' 본 사람들은 그럴 수 있다. 혹시 영화를 볼 사람들은 2번 보는 걸, 평일 오후에 시간이 될때 보는 걸 ...",10,1
433,다시 사랑하고 싶어지고 다시 꿈꾸고 싶어지고 다시 노래하고 싶어지는 애니메이션! ,10,1
434,보면서 울었다. 아름다웠다. ,10,1
435,2017년 그때의 감동이 되살아납니다 최고입니다~!! ,10,1
436,오랜만에 담백한 감동을 느낄 수 있었던 좋은 영화봤네요 ,10,1
437,관람객신카이감독 다운 영화였습니다.^^ ,9,1
438,100점 만점 에니메이션.이런 에니를 보는자체를 축복으로 생가하라.너무나 감동적이고.그림체도 환상적이다. ,10,1
439,정말 보는 내내 너무 행복하고 그리운 시간이었다. 꼭 봐보세요. 너의 이름은도 재밌었지만 저는 날씨의 아이가 더 재밌었네요. ,10,1
440,,1,0
441,"개연성이 그렇게 떨어진다고 생각해 본적은 없음. 다만 112분에 많은 걸 표현하려고 해서 그랬나, 시작전의 뭔 일이 일어났는지를 모른다는 점. 그게 감점요인인 듯 싶다.  1,2점 평점테러라고 생각됩니다. 보고 싶으...",8,1
442,과연 다수의 의견에 소수의 희생은 바람직한걸까? 생각이 많아지고 순수한사랑에 눈물나는영화 ,10,1
443,히어로가 되고싶지 않은 평범한 두 소년소녀 ,10,1
444,관람객이성 보단 감성으로 받아들여야 하는 영화 ,8,1
445,영상미는 괜찮으나저 너머 하늘로 가버린 개연성 ! ,3,0
446,난 날씨의 아이가 너의이름은 보다 낫다가 생각함 크으으 영상미 ,8,1
447,레전드임 꼭보세요 ㄹㅇ ,10,1
448,맛이 간 개연성을 전율로 포장시킨 신카이 마코토식 아름다운 신파극. ,7,1
449,"신카이마코토 작품을 모두보았고 좋았다면 추천, '너의이름은'밖에 보지않았으면 비추천. ",10,1
450,미츠하 타키 도쿄에서 잘사는데 갑자기 도쿄침수 엌ㅋ ,10,1
451,"일단 영상미와 ost는 말할 필요가 없다. 이건 직접 봐야된다. 빛을 이용해서 건물 유리창의 반사효과를 부각시키는건 진짜 경이로운 수준...클라이막스 부분의 ost도 들을 때 소름이 돋았다.다만, 개연성부분은 너무 ...",7,1
452,"개연성이 많이 부족하고 떡밥회수도 안된건 사실임. ㅇㅇ그래도 타키랑 미츠하 특별출연하고 영상 작화랑 ost가 여전히 레전드였음, 다음엔 스토리 개연성이랑 각본을 더 개선했으면 하는 바램이 있음. 좋은 영화였다 ",8,1
453,"이 나이에 감정이라는게 없을 줄 날았는데, 뜁니다. 당신의 심장이... 저 하늘을 보는 것 처럼... 아름다움은 가까운 곳에 있습니다. 놓치지지 마세요, 손해입니다. 꼭 보세요, 추천!! ",10,1
454,"스토리 개연성이 너무 없어서 이입이 전혀 안됐고, 그러다보니 주인공들 오버 떠는게 감동은 커녕 오글거리고 어이없어서 웃기기만 했음 ",4,0
455,우와~~~기대를 안했는데도 이하다 ,4,0
456,솔직히 보는 내내 오글거렸어요 ,2,0
457,"영상미와 ost로는 점수를 높게주고싶지만, 스토리는 정말 중2병 상상을 옮겨논거같다. 너의 이름은 작가라고 상상이안될정도.. 정말 실망스럽다. ",3,0
458,샤머니즘의 극치와 고양이 확대범의 현장을 보았다. ,4,0
459,,10,1
460,재미있게 잘 봤어요. ,10,1
461,,10,1
462,스포일러가 포함된 감상평입니다. 감상평 보기신카이 마코토는 역시 스토리는 다른데 맞겨야할듯 그것빼면 장면장면 영상미랑 ost등 잘만든것같음 결말이랑 총은 쫌 아닌듯 ,7,1
463,흥미로웠지만 아쉬웠던 스토리.. 하지만 도쿄랑 빛 굴절을 표현하는 작화랑 서정적인 OST가 충분히 메꿨다고 생각함. 특히 마지막 부분 Grand Escape 합창부분은  무조건 이 영화를 영화관에서 봐야하는 이유라고...,8,1
464,관람객이건 무조건 영화관에서 안보면 범죄임 ,10,1
465,관람객이 영화를 더 많은 사람이 보고 숨겨진 의미를 알았으면 좋겠다. ,10,1
466,관람객마지막 터지는 감동이 너무 좋았어요 ,10,1
467,네이버 평점 보고서 영화 보러 갔다 왔지만 정말 기대이상. ‘너의 이름은’을 재밌게 봤다면 이 영화도 분명 좋아하실겁니다. 그런데 떡밥회수 안됐다 개연성이 없다 하는 댓글들 있는데 무슨 영화적 독해력을 갖고 계시는지...,10,1
468,진짜 일본애니메이션은 영화관에서 봐야댐 ,10,1
469,,10,1
470,,10,1
471,,10,1
472,이시국충 ㅋㅋㅋ 언제는 좋은소리 들었누 ㅎㅎ불매할땐 불매해라 불매 없을땐 없는데로 까고...?여기 리뷰서 조차도 이시국빼고도 좋은소리 못듣는데 뭐정당하지 않은 비난이 많으면 정당한 비난도 부당하게 변하는겁니다. ,8,1
473,좋은 영화 ,10,1
474,ost에서 놀라고 연출에서 2번 놀라는 영화신카이 마코토의 2번째 해피엔딩 영화작화도 좋았던 영화 내 인생 최고의 영화                      '날씨의 아이' ,10,1
475,영상미와 ost만은 촤고인 영화입니다. 스토리의 개연성은 아쉽지만 순간순간의 영상과 음악과의 조화를 강조하면서 보면 나쁘지 않은 것 같습니다. ㅎㅎ ,10,1
476,관람객갠적으로 전작보다 좋았음! 영상 보는 재미가 확실히 있어요~ ,7,1
477,"관람객전작은 역대급이었고, 이번에는 다른의미로 역대급이었다. ",3,0
478,"어수선하다 사랑으로 확실히 있는 존재 만나 다시 있구나, 있구나 할 때의 느낌. 감사합니다 ",10,1
479,개연성 따지기 무색할 만큼 완벽한 영상미 와 OST ,9,1
480,아주 훌륭한 작품.. 지브리매니아로서 영상미 하나만큼은 인정~ 너의이름은 보다 더 뭉클했음 ,10,1
481,일단 나부터 행복해지자. 모두를 위한 한사람의 희생보단.. 모두가 노멀하게 행복하게 살 수 있다.아이들 뛰어가는 모습에서 느낄수 있자나 ,10,1
482,그냥 신카이마코토입니다 일단 이건 보고 노재팬하든말든 ,10,1
483,개인적으로 너의 이름은보다 더재밌었습니다 ,10,1
484,"킬링타임으로 영화를 보고 싶으면 ""너의 이름""을 보고영화를 감상하고 싶으면 ""날씨의 아이""를 봐라니가 생각없이 영화를 멀뚱멀뚱 봤다면 뭔소린지 모르겠지만니가 생각하며 봤다면 희생과 헌신을...",8,1
485,불꽃놀이 진짜로 앞에서 보는줄 알았음 ,8,1
486,마지막 에 ost하고 연출이 너무 감동적이였어요 ,10,1
487,영화에서 날씨가 갤 때마다 내 눈에선 비가 내렸다. 평점 낮게 준 사람은 그냥 내용 이해 못 한 사람들이다. ,10,1
488,"너의 이름은. 하고 비교하시는 분들이 많던데, 개인적으로 그런 식으로 보지 말고 완전히 다른 별게의 작품이라고 생각해야지 제대로 즐길 수 있는 영화라고 생각함. 그리고 개연성을 욕하시는 분들도 만만찮은데, 사실 지금...",9,1
489,"내 인생 처음으로 영화관에서 눈물이 왼쪽에서, 그리고 오른쪽에서 흘렀다. 내 인생 최고의 영화였다는 생각이 들었다. 확신했다. ",10,1
490,"애니영화보고 감동받아서 울기는 오랜만인것 같네요. 정말 몰입도 높고 재밌게 봤습니다. 스토리도 좋고, 영상미도 너무 좋네요. 일본 애니의 위력을 실감합니다. 이런 작품은 일본이란 지역 아니면 나오기 어려울듯. 인증하...",10,1
491,관람객솔직히 개연성이 너무 별로다 ,3,0
492,솔직히 너의이름보다 더 재밌게본듯 ,10,1
493,보고나서 엔딩곡이 나올땐 이게 뭐지? 했지만 시간이 지날수록 계속 생각난다 ,10,1
494,사람들이 스토리 어쩌고 저쩌고해서 별로 기대 안했는데 생각 이상이었고 재밌었다 ,10,1
495,시국이형 미안해 ,10,1
496,관람객너무재밌음 캐릭터 몰입도 좋음 ,10,1
497,난 영화를 생각으로 분석하면서 보는 경향이 있음. 하나라도 개연성이 떨어지거나 이해 안가는 부분 있으면 몰입도가 확 떨어짐. 이 영화는 그런 부분에 있어서는 최악. 그런데 그냥 그런거 없이 머리 아닌 가슴으로 느끼면...,8,1
498,관람객너의이름은보다 임팩트가 낮지만 스토리.ost 좋았습니다 ㅎㅎ ,10,1
499,진짜 감동적 진짜 지렸다. ,10,1
500,만약 이 영화를 보고 많은 의문점이 들었다연 감독의 의도가 통한것 이라고 봅니다 ,8,1
501,진짜 어른이 되기전에 꼭봐야할 영화다. ,10,1
502,연출 지리고 먼가 그 간절한 마음도 느껴져서 뭉클함 그리고 총이 왜 나오는지 모르겠다는 댓도 봤는데 이야기의 시작과 끝을 제일 잘 만들어주는 장치라 생각함 ,10,1
503,재미있었다 보는 영상미 노래 최고였다재미없다고 생각하지않는다 ,10,1
504,개인적으로 너의이름은 보다ㅜ재밌게봤음 ,10,1
505,많은생각을하며 봤습니다~ ,10,1
506,날씨의 아이.많이 먹먹했던 영화.감정이입이 많이 되었던 영화.행복한 기억들.힘들 때 함께 힘이 되어 준 사람.여자의 남동생.추운 겨울.눈 내리는 날.고백하려 준비한 반지.설렘.ㅡ영화 이야기인지 나의 이루어지지 않은 ...,10,1
507,관람객요즘 보기 드문 애니메이션 수작! 애니메이션은 공감대가 부족하기 마련인데 이 작품은 ,10,1
508,번지점프가 하고 싶어지는 영화 ,10,1
509,그냥 순수한 마음으로 보면 되는 영화. ,10,1
510,취업준비에 미쳐있다보니 감성이 메말랐었는데 오랫만에 눈이 촉촉해짐 ,10,1
511,관람객영상미와 OST의 조화가 두드러집니다스토리는 호불호가 갈릴 듯 ,9,1
512,아아아아♡☆♡☆한번더 보러갑니다 ,10,1
513,시국이형 형은 잠깐 나가있어.. ,10,1
514,호불호가 많이 갈리기도 했고 스토리 개연성으로 욕을 많이 먹은 작품... 이지만 개인적으로는 좋았다. 스토리 개연성이 부족하다지만 그렇다고 영화를 보기 힘들 정도로 심각한 스토리도 아니었다. 그리고 영화를 볼때 물론...,10,1
515,"관람객절절하고, 울컥하게 만드는 세상을 향한 소년의 반항.작화와 영상미는 두말하면 입 아프고, 영화의 분위기와 전개에 완벽하게 어울리는 OST가 최고의 장점입니다. 이것만으로도 볼 이유는 충분합니다.영화 안에 담겨있는 감...",10,1
516,산만하고 개연성 부족한 스토리와 여전히 뛰어난 영상미 ,4,0
517,주관적인 생각이지만 저는 엉청 재밌게 봤음 ,10,1
518,불꽃놀이는 미쳤다....! ,10,1
519,진짜 한 번더 보고싶음 너무재밌었음 ,10,1
520,평점보고 걱정했는대 오히려 전 너의이름은보다 재밌고 울컥햇네여.. 역시 실망시키지않음! 오랜만에 마음이 몽글햇어여ㅠㅠ ,10,1
521,관람객영상도 노래도 너무 아름답고 좋은 작품이었어요 정말 재미있게 봤고요 옆에 같이 본 감수성 높은 친구는 3번이나 울었다더라구요 ㅎㅎ과연 신카이 마코토 작품이네요 ,10,1
522,신카이 마코토와 동시대를 살아가는 것 자체가 영광이고 행운이다 난 시간가는 줄 모르고 봤다 개연성 운운하는데 난 만화적 상상력이 더 좋았다 신카이마코토의 도쿄를 향한 마이너 감성은 앞으로도 쭉 이어질 거 같다 그게 ...,10,1
523,"아니 별로라는데 난 충분히 재밌었나,,,, 영상미하고 중간 중간 나오는 노래들이 정말 충분하게 소름돋게해줬다,,, 특히 남자주인공 여자주인공 하늘에서 함께 내려올때 나오는 합창 노래 와 이때 정말 온 몸에 소름이 돋...",8,1
524,너의이름은보다 훨씬 재밌었다 특유의 일본풍경하며 내가 일본에온거같은 느낌 ㅇㅈ?ㅇㅈ  특히 남주는 정의감있고 ㅈㄴ멋있음 그리고 나처럼 로맨스하기도함ㅋ  반박시 영알못~~ ,9,1
525,역시 영상미 하나는 정말 최고.. 스토리는 기대를 많이 낮추고 어느정도의 허무맹랑함을 감안할 수 있다면 괜찮게 볼 수 있을 것 같습니다~ ,8,1
526,화려한 영상미 + 아름다운 선율 + 사랑에 빠진 건방진 중고생 + 아레레 어째서 눈물이? + 갑자기 끼어드는 보컬 + 그리고 세상은 멸망했다. ,8,1
527,관람객쪼꿈 울뻔했다 그리고 색감이 넘이뿌당.. ,10,1
528,"배경이 아까울 정도로 못 따라간 스토리와,개연성. ",3,0
529,"매우 뛰어난 작화, 영상미. 아쉬운 후반부 ",8,1
530,너무 재미있습니다. 역대급 영화 . 소장 하고싶은 영화 입니다 . ,10,1
531,관람객재밌다 그냥 재밌었어 또보러올거 ,10,1
532,이 영화를 진짜 재밌게 보는 꿀팁 기대를 하지 않고 보면 재밌슴. ㄹㅇ임 ㅋ 절때 너의 이름은 급이라고 기대를 하지마셈. 그러고 관람하면 은근 재밌다고 느낄 거라고 장담함. 명언이 있잖아. 기대가 크면 실망도 크다 ,8,1
533,관람객삶의 낙이없고 지친 저에게 희망과 감동을 주는 영화였습니다.중간중간 반가운 인물들도 내새워 청자들을 추억돋게 만드시는 감독의 센스또한 훌륭합니딘. ,10,1
534,찐 꾸르잼이다 ㅠㅠ 와 미쳤다... 영상미와 ost 최고다 ,10,1
535,재밌음 너의이름은보다 재밌게봤음 ,10,1
536,진짜 너무 재밌었다보는내내 흥미로웠고 울컥했던것같다너의이름은 후속작 다운 영화였다 ,10,1
537,"역시 신카이마코토작가님  겁나 울면서 봤어요ㅠ  꿀잼이잖아,,,ㅠㅠ 감동. 영상미 완전 좋구만... 누구냐구 개연성 스토리 어쩌구한 사람 누구냐구 좋기만하네 ㅠㅠ보길 잘했다 ㅠ ",10,1
538,너무 재밌게 봤다.솔직히 다른 사람들이 뭐라하던나만 재밌게 볼 수 있으면 다 되는거 아닌가.그런 의미에서 나에겐 날씨의 아이는 너의 이름보다재밌는 영화였다. ,10,1
539,3번 봤지만 더 보고싶다 ,10,1
540,"스포일러가 포함된 감상평입니다. 감상평 보기단순히 영화로서의 재미는 너의 이름이 훨씬 좋았지만, 작품으로서는 날씨의 아이가 더 마음에 들었다. 확실히 감독이 담고싶은 이야기가 많았고 그에 반에 표현력이 미치지 못해 전달이 잘 안되고, 일부 공감력을 상실하게 ...",9,1
541,왜 다들 뭐라 그러지? 재미있고 ost 도 좋고 스토리도 좋고 ,10,1
542,스포일러가 포함된 감상평입니다. 감상평 보기많은 장점이 있는 영화였지만. 개인적으로 단점 하나가 그 장점을 다 씹어먹어버림. 제일 매력적으로 나와야할 남주는 영화내내 첨부터 끝까지 민폐 그 자체로 나와서 내가 다 짜증났음. 가출했다고 하는데  집에선 실종신고...,4,0
543,이영화는확실히 호불호가 갈릴수밖에없는영화다 하지만20대부터라면 이해할법한 스토리라고생각된다꼰대처럼보일지모르지만 사회생활을겪어보신분들이라면이영화가 어떤의미를가진영화인지 알것같다스토리는물론 개연성이떨어지는것은사실이다 하...,10,1
544,작화는 일상적인 도시 풍경과 날씨의 변화를 황홀하게 묘사해고 있다. 그 여운 때문에 영화가 끝나고 나온 뒤 마주한 서울의 복잡한 도시마저 아름다워보였다.  스토리가 개연성이 부족하고 감정이입이 안된다는 리뷰들이 많지...,10,1
545,여운이 장난 아니다. 영화 후반부의 전율은 정말 말로 표현할 수 없음. ,9,1
546,도대체 전작과 전전작들과 다른점이 뭔지 모르겠다비주얼만 갖고 명작이라 할수 있나? ,1,0
547,"관람객'너의 이름'과는 다른 메세지.. 너무 좋았습니다. 평론가 평 보고, 기대를 안했더니 더 감동적이였습니다. ",10,1
548,내생각엔 굉장히 재밌고 감동적이였는데 아마 별점을 깍은 사람들은 이시국에? 일본영화? 일본 싫다 노 일본반일 만세 이런 유치한 장단에 일본 싫어 일본이라면 무조건 싫다이런 못말리는 반일감정 가지고 계신 분들이 평점 ...,10,1
549,개인적으로 '너의 이름은'보다 좋았다 ,10,1
550,관람객휴우증 남아서 2번 본 영화.. ,10,1
551,잘 봤어요 ,10,1
552,스포일러가 포함된 감상평입니다. 감상평 보기두시간 가까이 되는 시간이 정말 빨리 지나가더군요너의 이름은과 비슷하면서도 다른 영화였습니다.졸라 재밌게 봤으나 너의 이름은 만큼은 아니였던거 같아요타키와 미츠하를 다시 볼수 있어서 너무 좋았습니다 ,9,1
553,일본의 전체주의 성향을 크게 비판하는 메세지를 담은것 같이 느껴졌다. 그것을 비유적 추상적으로 메세지를 전하니 깊은 뜻을 찾아내고 장면장명에서 나오는 디테일 또한 의미깊게 볼 곳들이 많다. 영상미와 음악까지 즐겁다....,10,1
554,"시국에 가려지고 편견에 외면받는 날씨의 아이라는 작품, 그때문에 전달되지못한 감독의 진심이 안타깝다. 심지어 이작품이 흥행한다 할지라도 우리가 우려하는 극우성향의 일본기업들에게 보탬이 되지않는다는 기사도 보았다.전체...",10,1
555,후반부터 계속 눈물 나면서 가슴이 아려왔는데 ㅠㅠ너의 이름은 보다 더 재밌게 본사람은 저만인가요...? ,10,1
556,관람객영상미와 OST는 전작에 이어서 발군.그리고 일본의 전체주의화에 대한 신카이 감독의 경고. ,10,1
557,음.... 더 이상의 j 애니매이션은 없다.. 너무 뻔하고 실망스럽다...ㅠㅠ ,1,0
558,갠적으로 너의 이름은보다 재밌게 봤음 ,10,1
559,저의 항마력이 부족했나봐요. 너무 오글아들었어요....  죄송해요..영상미는 좋았으나 ,3,0
560,"뜬금없는 모든 것이 그것조차 감독의 뜻이 아닐까 납득하게 되는 황홀한 영상과 음악연출, 충분히 아름다웠다. ",10,1
561,진짜 재미있었음 극장에서 안보면 후회할듯 너의 이름은 보다 더 잘만들었다 할 정도로 잘만듬 ,10,1
562,관람객신카이 감독의 최근 두 작품은 환상 세계와 현실 세계가 서로 영향을 미치며 조화를 이룬다는 세계관이 공통점이다. 자연 재해를 그저 받아들이며 다음날을 생각하며 살아가는 일본인의 태도에 의아해하는 사람이 많지만 이는 ...,9,1
563,스토리 부분에서 하도 악평이 많은데 보기 전 그 마음가짐하고 보고 난 후 마음가짐이 확연히 틀리다. 보는 내내 스크린에서 눈을 돌릴 수가 없었고 잔잔한 감동과 행복을 느낄 수 있었다. ,10,1
564,‘너의 이름은’을 재밌게 봤다면날씨의 아이도 재밌게 볼 수 있다 ,8,1
565,스토리가 떡 밥만 주구장창.. 뭔 내용인지 하나도 모르겠다;; 걍 노래 끼어넣어서 팔아먹을려고 만든 애니 같음.... ,1,0
566,"너의 이름과 비교해도 절대로 꿀리지 않는 작화와 OST, 최고의 감독과 최고의 가수가 서로 어우러진 영화. 기대 이상으로 재밌게 봤습니다! 앞으로도 좋은 작품 부탁합니다. ",10,1
567,스토리는 너의 이름은 보다는 다소 아쉬웠음. 그러나 영상미는 명불허전의 신카이 마코토 에니메이션에 합당하였음. ,9,1
568,관람객전작때문에 기대를 너무 한 나머지 실망이 컸어요..작화와 ost는 정말 좋았으나 스토리는 부족한 점이 많은 것 같네요. (뭔가 웅장한 bgm과 ost로 어떻게든 웅장하고 감동을 주려는 억지 연출을 한 느낌..?) ,4,0
569,신카이 마코토의 특유 감성이 너무 좋다. ,9,1
570,최고..... 또볼거임 ,10,1
571,개꿀잼평점 이랑 리뷰 때문에 기대 덜하래서 덜 하고 봤는데 재밌슴 ,10,1
572,공리주의와 일본의 현재 경제와 정부에 대한 비판이 보인다. 작화 ost는 역대급 ,10,1
573,하늘이 이뻐보였습니다 ,10,1
574,전작인 너의 이름은 1-20대가 이해하기 쉬운 작품이었지만 이건 1-20대가 이해할 수준의 작품은 아니네요.  개연성이 어떻고하는 그런평가들이 많은데요. 그건 행간 즉 말과 말사이의 언간에 함축된 의미를  읽을줄 모...,10,1
575,"젊은이들이여, 세상에 타협하지 말고 꿈과 사랑을 좇아라 ",8,1
576,스포일러가 포함된 감상평입니다. 감상평 보기아무것도 모르고 봤는데.. 탈출할때 OST 전율이었다 ,10,1
577,"관람객스포일러가 포함된 감상평입니다. 감상평 보기개연성이 없다고 하시는데 처음 주인공이 방황기와 사춘기 소년의 가출을 표현하는 호밀밭의 파수꾼 책을 계속해서 보여줬고, 그 이유가 크게 중요치 않았기에 그정도로 가볍게 표현, 섬에서 빛을 쫓아갈 때의 그 빛을 좇던 ...",10,1
578,관람객꼰대들 꺼지라고오ㅗㅗ ,10,1
579,만들다 만것같다 아쉽다 좀만 더 내용을 보충했으면 좋았을걸 ,4,0
580,"스포일러가 포함된 감상평입니다. 감상평 보기신카이 마코토 감독의 연출이 한층 수준높아졌음을 보여주는 영화, 영상미에 걸맞는 Ost는 가히 감성을 자극하기에 너무 적절했고 인물간의 감정선을 고조시키며 마지막 하늘에서의 장면전환들은 완벽한 연출이였다. 결국 스가...",8,1
581,영화끝나고 엔딩크레딧 올라갈때까지 말은 못 꺼냈습니다...꼭 전체주의에 대한 비판으로 해석하지 않아도 그 자체로 훌륭해요 ,10,1
582,스토리 개연성 1도 없고 전개도 지루함 ,2,0
583,별로라는 감상평들 때문에 영화관에서 보지않았다면 평생을 후회했을 것이다.스토리가 아쉽다라는 말에는 개인적으로 공감할수가 없다. 영화가 을 보며 부족하지만 내가 이해한만큼 내용이 와닿았고 그만으로도 충분히 감동 받았다...,10,1
584,"이 영화가 왜평점이 낮은지 이해가 안갑니다.총의 개연성, 떡밥풀이, 개인의행복을 위한 다수의희생 등,  왜이리 어렵게 그리고 현실적이게 해석하려하려고할까요.이 영화는 판타지로맨스입니다. 너의이름은도 마찬가지구요.그 ...",10,1
585,신카이 마코토 가슴을 참 좋아하는 감독이여 ,8,1
586,개연성 최악....중간에 나올뻔했음 ,2,0
587,딱 세단어.. 억지 오글 오바 ,1,0
588,낚시들 왔나 떡밥충들 진짜 역겹네 ㅋ  OO 모르는것들이 심신하면 개연성 신파 떡밥 이 세단어 섞어가며 잘만척함 ㅋ ,10,1
589,개연성없고 오글거림 중2감성 ,4,0
590,영화가 아니라 긴영상이었다 ,2,0
591,"이거보고 우는사람이 있다고??? 영화내용 납득이 안가서 영화 보는 내내 머릿속에 물음표투성이었는데? 어른들이 보기엔 너무 저급영화고, 아무생각없이 보기엔 걍 영상만 이쁜듯. ",2,0
592,호불호???? 저는 극호여.... 너의이름은 정말 훌륭한 영화고 나도 매우좋아하고 하지만 울진않았어 ㅠㅠㅠ이건 울었다고 ㅠㅠㅠㅠ7번방선물보고도 안우는데 ㅠㅜㅜㅜ그냥 중반부터 개소름 노래소름 개연성 좀 없긴한데 그거야...,10,1
593,후반부에  낙하하는 장면에 영화관 가득 울리는 OST역대급 전율과 소름이...ㄷㄷ 이건 본 사람들만 알수있음 ,10,1
594,일본꺼 보지 말자매 ㅋㅋㅋ ,2,0
595,영화를 본 경험을 아름다운 경험으로 포장하려고 시도하는 중이고 실패 중입니다 ,1,0
596,관람객역시 일애니는 감동적이다 ,8,1
597,나만 너의이름은 보다 재밌었음? 그냥 먼가 감정이입되고 좋았는데 ,10,1
598,"영화가 재미가 없었다, 떡밥회수가 안됐다 하는 사람들은 그냥 평소에 얼마나 책을 안 읽고 살아서 무지한지를 스스로 보여주는 꼴 밖에 안된다. 영화 초반부에서 호밀밭의 파수꾼이 자주 언급되는것을 보면, 그 책을 읽었던...",10,1
599,쌋습니다 무조건보세요 진짜 ,10,1
600,너의 이름은 과는 또 다른 매력을 보여준 날씨의 아이! 섬세하고 풍성한 작화의 디테일은 역시 신카이 마코토라는 말이 나온다. ,10,1
601,스토리는 억지여서 마음에 안들었지만영상미의 연출또한 기가막혔고 노래는 덤으로 좋았다특별관은 개봉전날에만 특별히 상영해서 특별관인가너의이름은 5번이상봤다면 날씨의 아이는 한 두번 더 볼 수 있을정도 ,10,1
602,"개연성? 뭐 물론 따지고 들어가는 대중들이 많겠지 원래 대중은 멍청하다는 말이 있듯이. 암튼 제가 말씀드리자면 개연성을 생각하면서 보면, 아주 큰 실수를 하신겁니다. 이 애니메이션은 개연성을 집중적으로 보는것이 아니...",9,1
603,재미없다는 사람들 말 다 무시하고 꼭 보세요 중간에는 좀 지루하실수 있지만 개인적으로 후반부에 연출은 정말 최고였습니다 날씨가 미치든 세상이 망하든 다 필요없고 내가 사랑하는 사람만 있으면 된다라는 마음이 정말 가슴...,10,1
604,난 너무 재밌든데? 이 시국충들이 평점 낮게 주는거 딱 보인다 ㅋㅋㅋㅋ;; ,10,1
605,태어나서 처음으로 인생작을 찾았습니다 ,10,1
606,아..나 또 울었다.. ,10,1
607,처음볼때와 두번째볼때랑 느낌이다른 영화 ,10,1
608,관람객영상미 진짜 좋았고 노래 나올때마다 소름돋음 뭔가 설명안되는 부분이 있긴했는데 눈과 귀가 즐거워서 굳이 찾아보지 않으면 별로 신경안쓰임 ,10,1
609,관람객목요일 점심에 갔는데 극장에 저 혼자여서 완전짱이 였음 굳 ,10,1
610,관람객추천해요 오랜만에 일본 애니메이션 감동 느끼네요 ,9,1
611,"신카이 마코토 작품 답게 압도적인 영상미와 사운드로 멋진 판타지를 만들었다. 다수를 위한 희생, 심적으로 그것을 강요당하는 한 존재의 삶에 대해 생각해보게 된다. 희생은 어느 경우에 요청될 수 있는가라는 철학적인 질...",8,1
612,너무재밋엇어요 꼭보세요 ,10,1
613,"개봉하기 몇 달 전부터 예고편을 봐서 기대를 엄청 하고 봤었다. 개연성은... 내가 생각해도 조금 무리가 있는 듯 하지만 작화 하나는 진짜 하나하나가 다 일러스트다. OST도 좋고 그냥 귀호강, 눈호강 하기 좋은편 ",10,1
614,아주 괜찮은 마음을  찔끔거리게하는 무언가가 있음 ,9,1
615,생각보다 스토리가 개연성이 없거나 하진 않았어요. 배부르네 ,8,1
616,너의 이름은이랑 비슷한설정이 많아서 그런지  너의 이름은2를 보는 느낌? ,10,1
617,,10,1
618,,10,1
619,,10,1
620,,10,1
621,첫사랑 같은 영화이다 실망할 수 있겠지만 그 어느보다 긴 여운을 갖고있다 ,10,1
622,솔직히 개연성만 보면 7점 이하하지만 영상과 ost랑 지난번 영화와의 연결점 등 볼만한건 많았던것 같네요 ,8,1
623,아직도 상영중이야 와... ,10,1
624,관람객스토리의 약점이 있지만 그 이상으로 볼 가치가 있다. ,10,1
625,블루레이 내줘ㅜㅜㅜ제발 ,10,1
626,관람객역시  작화하나는 좋네요 ㅎㅎ ,10,1
627,관람객,8,1
628,신카이마코트감독의 영화는 믿을만하다 ,10,1
629,언어의 정원이후부터 신카이마코토감독을 좋아하게 됬는데 전작이 너무 좋았어서 이번작이 전작보다는 아니였지만 좋았어요 특히 소리연출이나 작화는 죽여주네요 ,10,1
630,할많하않 ,10,1
631,스토리가 애매한거 빼고는 모는게 완벽한 영화 ,8,1
632,"전작 만큼의 감동, 개연성은 부족했다. 하지만 감독이 영화를 통해 전하려는 바는 뚜렷했다. ",9,1
633,걍 보세요 아라아라아아아 ,10,1
634,다시보기 언제 나오나요?! 하루에 극장 한 군데에서 한 번만 상영해 주는 것 때문에 VOD 구매를 못하고 있는데... 가을에 개봉한 영화가 봄까지 상영중인게 말이 됩니까. 영화관에서 두 번 봤는데 또 보고 싶어요ㅠㅠ...,10,1
635,스토리도 개연성이 없고 확실히 전작보다는 전체적으로 공감도가 떨어지는 대중성은 낮은 영화이지만 일본의 맹목적인 전체주의에 대한 비판을 가하고자 만든 영화로서 바라본다면 훌륭한 영화라고 생각합니다. 이 외에도 초반에 ...,10,1
636,작화 스토리 연출 모두 뛰어났다고 느꼈다. ,10,1
637,관람객OST 잘 듣고 갑니다 ,1,0
638,살면서 n회차 한 영화는 처음1회차엔 작화에 2화차엔 연출 ost에3회차엔 관람객들은 히나와 호다카의 행동이도쿄를 부쉈다고 여기리라는걸 알았던마코토와 그리 허술하지만은 않았던 스토리와 개연성에 정말 즐겁게 보았다. ...,10,1
639,관람객총은 왜 나오는지 모르겠어요.. ,7,1
640,확실히 이건 날씨의 아이를 보고 책을 보면 이해가 되지만 책을 보지 않았으면 이해가 안되는부분이 있을만함 ,8,1
641,관람객영상미가 뛰어났고 영상미가 대단했고 영상미가 예쁜 작품이었어요 ,7,1
642,진짜 너무 재밌어요. ,10,1
643,"처음에는 이 영화 무엇을 알려주는지 몰랐고 아쉬운 부분이 있었다. 하지만 그 후 이 영화가 무엇을 말하고자 하는것을 깨달았을때 다시 보았더니 더욱 재미있게 보았다. 또한 작화, ost 그리고 클라이맥스 부분이 너무 ...",10,1
644,"너의이름은과는 다른 여운과 말이 더이상 필요없는 영상미, 성우들의 열연까지 최고였어요.하지만 스토리는 조금 갸우뚱? ",8,1
645,"작화랑 ost는 기본으로 깔고 들어감. 스토리에서 호불호가 갈릴만한데, 일본의 정치가 어쩌고 이게 뭘 상징하냐면 어쩌고 기타 등등이 있다던데 그걸 영화 보면서 자연스럽게 파악 못한다는 점에서 불친절한 영화임. 그래도...",8,1
646,관람객넘 넘 재미있어서 또 보고 싶네요 아예 소장하는 법 없나요 ,9,1
647,중간중간에 너의 이름은에 나왔던 사람들이 나와서 좋았고 영상미가 대박이에요 진짜 너의 이름은보단 감동이 덜하지만 캐릭터들도 너무 매력있고 많은 의미를 담은거 같아서 재밌었어요 ,10,1
648,"다수를 위해 소수를 희생하는 게 정당한가, 라는 질문을 이득의 상반관계를 떠나 동화같은 방법으로 해답을 제시한 영화. 덕분에 개연성이 아쉬웠지만 오히려 냉철하고 현실적으로 풀었다면 더더욱 아쉬웠을 거 같아요. 전 좋...",8,1
649,,10,1
650,결론은 어린 남녀의 사랑으로 희생된 우울한 도쿄. 처음부터 스토리 개똥망이라길래 영화보러 들어갈 때까지 영상미에 만족하자고 다짐하고 들어갔는데... 그랬는데... 기대를 안했는데도 스토리 실망. 영화 끝난 후 관람객...,4,0
651,너무 억지 감성. 게다가 개연성이 매우 떨어짐.. 볼만한건 영상미 뿐... 너의 이름은 5번 볼만큼 너무 좋아했던 작품이라 보러 갔다가 진짜 보면서 어이가 없어서 웃었음...^^ 권총은 대체 왜 나온거죠..??? ,3,0
652,스포일러가 포함된 감상평입니다. 감상평 보기주인공에 초점을 두고 보면 영화에 실망할 수도 있습니다.날씨를 맑게 해주는 일을 시작함으로써 만나는 많은 다양한 사람들에 대한 감정을 느끼지 못한것이 아쉬웠습니다. ,7,1
653,영상미는 ㅇㅈ 스토리는 글쎄.. ,4,0
654,스포일러가 포함된 감상평입니다. 감상평 보기무녀를 바침으로써 유지되는 도쿄는 호다카가 말한것 처럼 미쳐있는것이 아닐까.. ,8,1
655,"작화 100점 노래 100점 개연성 50점 엔딩 30점   너의 이름은.을 봐서 기대치가 높아졌다면 실망할 수도 있습니다. 그냥 평작입니다.   몇몇 주요 장면들의 연출, 노래는 정말 완벽합니다.   감수성이 많으신...",4,0
656,두번은 봐야 진가가 보이는 영화 ,10,1
657,믿고보는 신카이마코토감독님작품이네요 재밌어요. ,10,1
658,누구도 소년소녀를 나무랄수없다 ,9,1
659,"이 시국, 오타쿠, 씹덕 이 ㅈㄹ하는 새끼들한테 ㅗ를 날립니다 ",10,1
660,관람객음향과 일러스트를 보면서 태교에도 너무 좋았습니다 또 본다면 꼭 극장에서 다시한번 보고싶습니다 ,10,1
661,이거왜 아직도 안내려옴? ,10,1
662,관람객신카이 마코토 감독의 애니는 영상미만으로도 볼만한 것 같습니다. ,10,1
663,"관람객이시국에 라는 드립이 난무하지만, 문화에서만큼은 덜 배척하였으면 하는 사람이었습니다. 고민고민하다가 영화를 보게되었고 영화 자체의 완성도는 높았습니다! 영상미도 이뻤고 ost도 좋아 눈과 귀가 만족스러웠습니다. ",10,1
664,관람객역시 믿고보는 신카이마카토 감독의 작품이었습니다. BGM도 역시 전작이랑 같은 밴드인 RADWIMPS이였는데 한 곡 한 곡이 정말 주옥같았어요. 보는 내내 눈과 귀가 즐거웠으며 스토리를 풀어가는 방식이 매우 마음에 ...,10,1
665,관람객오타쿠 감성에 최대한 충실한 세카이계 애니메이션. 신카이 마코토 영상미의 진수를 느낄 수 있다. 비가 그치지 않는 도쿄와 섬에서 상경한 가출 소년 호다카를 통해 일본의 암울한 현실과 그 속을 살아가는 젊은이들에게 희...,10,1
666,"어른들은 사회생활을 통해 어두운 사정을 알게됩니다.그런데 아이는 커서 어른이 됩니다.어른들은 말 못 할 사정을 아이에게 말해줄까요? 어른들은 말합니다.다 커서 알게될꺼라고 하지만,이 영화는 말해줍니다.그 땐 너무 늦...",10,1
667,스포일러가 포함된 감상평입니다. 감상평 보기스토리나 개연성은 확실히 별로다 초반에 호다카가 갑자기 비와서 좋아하면서 뛰는거나 왜 그렇게 집으로 돌아가기 싫었는지 등 설명이 부족한건 사실이나 작화나 ost는 좋다작품자체도 너의이름은이랑 비교하지말고 그냥 보면 ...,10,1
668,관람객노래를 우연히 듣고 좋아서 보러갔네요. Grand escape를 영화로만 들으신 분들은 유튜브에서 노래만 들어보시는 것도 좋을거같아요. 스토리가 조금 아쉽지만 나머지는 완벽한거같구요.. 재밌게 봤습니다. ,9,1
669,사랑하는 사람을 되살리려는 호다카의 순수하고 절절한 마음이 와닿아 감동을 많이 받았다. OST가 적절하고 임팩트 있는 연출을 도와 기억에 많이 남는다. 영화관에서 두 번 봤는데도 또 보고 싶다. ,10,1
670,,10,1
671,관람객영상미가 너무 좋았다 다시보려함 ,10,1
672,관람객,10,1
673,줄거리도 감동적이었고 OST도 아름답고 호다카와 히나의 사랑과 우정 이야기도 눈물나도록 아름답고 행복한 영화였다. ,10,1
674,우연히 만난 명작. 40대가 되어서도 초속5센티미터의 여운은 여전히.. ,10,1
675,"첫 번째보고 생각나서 두 번째로 봤는데, 여전히 손을 모으고 기도할 때 날씨가 바뀌는 히나의 모습은 압권인듯. 재밌었어요~ 너의 이름은과 다른 점이라면 두 사람이 빠져드는 모습이 잘 묘사되어서 좋았던 것 같습니다. ",10,1
676,스토리가 어려워서 그렇지 너의 이름은보다 못한 스토리는 아니라고 봅니다.영상미나 ost도 좋았고 영화관에서 봐야지만소름돋는 부분도 있기때문에 한번씩 보시는 것을 추천드립니다. ,10,1
677,신카이 마코토 만의 감성.너의 이름은 같은 영화를 기대해서 아쉬운 점도 있지만 그래도 충분히 이 작품만의 매력이 있다. 한 번 더 보고 싶다. ,10,1
678,관람객작화는 여전히 아름다움. 노래도 좋았어요... ,7,1
679,,10,1
680,관람객스토리가 신선하고 좋았습니다 ,8,1
681,스토리도 재미있게 봤고 OST도 정말 최고였어요~! ,8,1
682,전작에 비해 스토리 흐름이나 이어지지 않고 딱딱한 느낌을 주는 장면이 많았으나역시는 역시다라는 말이 나올 만큼의 작화와 상황에 맞는 ost로 솔직히 마지막 30분이 최고였던것 같음지금 세 번 봤지만 한번 더 보라면 ...,10,1
683,스토리는 호불호가 갈리나영상 표현이나 인물의 심리묘사다 뛰어남 ,10,1
684,뛰어난 영상미 최고 잘 보았습니다 ,10,1
685,재밌었어요 이시국에 나온게 아쉬울 정도.. ,9,1
686,"영화볼때는 생략된 부분들이 느껴지는 스토리개연성이나 유치하게 느껴지는 부분, 연출을 좀더 극대화하면 좋을텐데하는 등많이 기대한만큼 좀만더 다듬었으면하는 아쉬움이 많았는데 영화끝나고 인터넷에서 작품해석 글들을 보니 많...",9,1
687,관람객Ost가 나무 좋았습니다 ,10,1
688,정말... 온 몸에 전율이 몇 번씩 돋았다 ,10,1
689,,10,1
690,살면서 본 영화중에 가장 감동적이고 멋있었다 ,10,1
691,ost도 '너의이름은' 의 레드윔프스가 맡아서 그런지 고퀄리티에다 엄청 좋은 곡들이 많다. 그것도 모자라서 작화도 너의이름은 작화진이 맡게되어 또한번 천상계의 작화를 맛볼 수 있었다.또 그것도 모자라 ...,10,1
692,너의 이름은을 처음 봤을때의 쇼킹한 느낌을 또 받아보나 싶었는데 영상미 빼면 남는게 없었다 ,7,1
693,너무재밌엇음 ㅜㅜ 또봐야지 ,10,1
694,히나와 호다카가 같이 있는 시간이 길어 너무 좋았어요무엇보다 이번에도 후유증이 너무 심해요 ㅜㅜ ,10,1
695,좋긴한데..마치 날씨의아이2가 나올 것만 같은 이느낌.. ,8,1
696,"정성스럽고 아름다운 영상, 단순 담백한 스토리, 잘 어울리는 OST. 덕분에 좋은 아침이었음 ",8,1
697,최소 두 번은 봐야 진가를 알 수 있는 영화. 후반부 그랜드 이스케이프 나오는 장면은 볼 때마다 소름이 돋네요 4주차 상영관 꼭 생겼으면...ㅠㅠㅠ ,10,1
698,관람객재밌었음 ,9,1
699,완전 재미있었습니다.. 안보신분들 있으면 보세요~!!와~연출 및 영상미가!!!! 대박! ,10,1
700,관람객너의 이름은 못봐서 아쉬웠는대 특전도 받고 영화도 보고 좋았음 ,10,1
701,역시 재밋다ㅏㅏㅏㅏ!! ,10,1
702,"신감독만의 색채와 연출이 부족했던 스토리라인을 충분히 커버했다고 생각하고, 역시나 ost가 정말 좋네요. 개인적인 의견일 뿐입니다. 저는 진짜 재밌게 봤네요. ",10,1
703,너무좋아요엉엉엉 ㅜㅜㅜ전 극장에서 보고 눈물흘릴뻔했습니다.. 그냥 처음시작부터 설레고 너무 이뻐서 눈을 뗄수가없어요 초반에는 너의이름은 만큼 대단한스토리는 아니네 했는데 가면 갈수록 아련함과 간절함 그런게 잘 표현되...,9,1
704,너의 이름은 만큼은 만은 아니였지만 여운이 엄청 남는 영화 몇 번을 봐도 또 볼 것 같다. ,10,1
705,너의 이름은 만큼의 기대를 하진 마시고 보시는게 더 좋아욤 그렇다고 재미없지않고 전 너우어어어무 잘 봤어요 나중에 또 볼거에욘 ,10,1
706,빅맥이 먹고싶어진네요 ,10,1
707,,10,1
708,소녀&소년 감성 충만한 신카이 마코토 감독의 작품은 언제나 깊은 감동을 안겨준다. 우리 인간은 이 지구를 이토록 학대해서는 안 된다! ,9,1
709,,10,1
710,관람객,10,1
711,,10,1
712,"관람객나도 어렸을 때, 저렇게 막 놀았으면 좋았겠다ㅏㅏ싶은 흑흑... 부러운데스웅... ",10,1
713,관람객영상미는 정말 대박이에요ㅠㅠ 후회 안하고 제 기대만큼 만족했어요! ,10,1
714,관람객지난주 보고 오늘 아침에 또봤어요 ,10,1
715,너의 이름은은 집에서 보고 날씨의아이는 영화관에서 보았습니다 우선 작화랑 영상미는 진짜 굿이예요 내용도 나름 볼만합니다! ,8,1
716,스토리가 안좋다는게 아니라 설명이 부족한것같다 그 설명을 여러 리뷰영상과 상상으로 매꾸면 완벽한영화 감독또한 그걸 의도했고 또한 영상미와 ost 작화 연출 어느하나 빠지지않고 완벽하다 ,10,1
717,재미없다는 댓글이 너무 많아서 기대안했는데 재미있습니다 ,10,1
718,,10,1
719,노래랑 영상미 뽕 오졌다. ,10,1
720,관람객충분히 볼 가치가 있었다. ,8,1
721,"노래,작화는 좋은데 스토리 전개 떡밥회수는 거의 망 ",4,0
722,작화는 이쁨. 스토리는 아쉬움 ,7,1
723,"관람객개연성, 스토리는 별로인데 영상미가 좋아서 나름 재밌게봤습니다. ",8,1
724,관람객스토리쪽으론 개인적으로 별로였지만 영상미와 노래만큼은 최고였습니다. ,8,1
725,"몇 번 곱씹어야 하는 신카이의 세계, 조금 간단해져도 괜찮을 텐데 ",8,1
726,신카이 마코토 특유의 영상미는 어떤 작품도 따라올 수 없습니다. 스토리의 개연성만이 아쉬워요 ,8,1
727,호불호가 갈리겠지만 나는 너무 재밌게 보았음. ,10,1
728,관람객whfwoa ,10,1
729,관람객별의 목소리때부터 좋아하던 감독이어서 많이 기대하고 갔었는데 너의 이름은 까지는... 대중성과 작품성이 적절히 잘 섞였다고 생각했었지만 이번 영화를 보면서는 전작들의 비범함이 대부분 퇴색되었다는 느낌을 받았다. ,2,0
730,확실한건 정말 따뜻하고 눈이 정화되는 수채화(?)가 모든걸 보상해 준다. 또한 암울한 일본의 현실을 여러 측면에서 잘 묘사하고 있음. 뭐 아쉬운점은 분명 있지만 다른 댓글에서 충분히 ,7,1
731,“날씨 따위 계속 미쳐 있어도 돼.” ,10,1
732,비는 그녀의 슬픔을 의미한다 ,10,1
733,진짜 6개월뒤에 재평가되는 영화임 너무 재밌게봤음 ,10,1
734,좋은 영화입니다... ,10,1
735,"작화,ost는 일단 초월작이구요 개인취향이긴하겠지만 저는 재미있게 봤습니다^^(영화 추천합니다) ",10,1
736,"이번 꺼는 너의이름과 달리 장면,대사 하나하나 씹어봐야함 그냥 재미나 너의이름은 생각하고 본사람들 한테는 재미없고 개연성없다고 생각할듯 ",10,1
737,정말 믿고 보는 신카이 마코토라고 할 수 있겠네요. 훌륭한 영상미와 감미로운 OST가 너무나도 인상적이네요. ,10,1
738,호불호가 많이 갈리는데 나에게만큼은 너의이름은보다 훨씬 대작이다 초반에 루즈한가빼고 나무랄게없다 ,10,1
739,잼있습니다. 화면이랑 노래는 정말 감동. 전체적인 스토리도 좋았다고 생각함. 만화이기에 가능한 상상이랑 현실이 잘 연결됐다고 생각합니다. 아이맥스관에서 또 보고싶네요 ,10,1
740,개인적으로 영화 보면서 ost나 캐릭터들 얼굴나 작화 때문에 그런건진 모르겠지만 반가운 얼굴들도 있었고 개연성 스토리문제 이런거에 별로 불만족하진 않았는데 끝나고 나니까 궁금한게 좀 생김그래도 너의 이름은보단 아니지...,9,1
741,비가 기다려지는 영화. ,10,1
742,진짜 이번년도에 본 영화중에서 제일 재미있는듯함 ,10,1
743,영상미랑 OST는 최고였음  스토리는 별로였지만  그래도 10점 ,10,1
744,"내가 누군가를 이렇게 간절하게 보고싶어하고 달려갔던게 언제였을까.. 신카이마코토 특유의 영상미와 ost, 마지막 쉼표까지 좋았다. 타카키와 미츠하도 짧게나마 만나 볼 수 있어서 더 좋았음. ",10,1
745,억지로 눈물 짜내려고 하지 않는 부분에서 더 추천 괜히 새드앤딩으로 만들었으면 찝찝함만 남았을것 같았는데 만족스러운 결말이었다 ,8,1
746,관람객믿고보는 일본 애니메이션예요. ,8,1
747,호불호가 갈릴 수 있지만 너의이름을 좋아했던 사람이라면 반갑고도 재밌었습니다 ,10,1
748,영화 한편으로 일본 여행을 하고온 느낌 감동적인 OST는 덤 스토리는 크게 신경 안쓰고 보는걸 추천해요 ,10,1
749,관람객여러모로 생각이 많이 드는 애니너의이름은과는 좀 더 다른 ,10,1
750,관람객딸이랑 봤어요 역시 스토리가 감동적이였네요~ ,10,1
751,신카이 마코토 작품은 진짜 일단 봐야해요 작화 오지고 내용도 좋고 영상미가 너무 예뻐요 ,10,1
752,,10,1
753,,10,1
754,너의이름은이 운명으로 이어진 두남녀의 애절한 사랑이야기라면 날씨의아이는 순수한 사춘기 소년소녀의 사랑이야기 정도로 보시면 됩니다. 개인적으로 너의이름은보다 재밌게 봤습니다. 개연성이 없고 떡밥회수가 안된다는데 확실히...,9,1
755,"  '너의 이름은'까지의 감동은 아니지만, 여전히 가슴을 울리는 무언가가 있다. 그 점에서 나름 만족.  비 내리고 찝찝한 어른의 세계에서 살아가는 소년과 소녀. 그들의 사랑과 순수함으로 비 내리는 도...",8,1
756,재미없다고? 영화끝나니까 내 눈에서 뭐가 줄줄 떨어지던데 ,10,1
757,애니가 보여줄 수 있는건 다한 작품전 작의 기대감을 갖고 봐도 좋았다 굿굿 추천 ,10,1
758,역시 너의이름은 못지않게 재밌네요 ost부터 스토리 까지 완벽합니다 ㅎㅎ ,10,1
759,관람객재밌었어요 또보고싶어요 ,10,1
760,관람객일반적이지않아서 좋았던결말 너무나 멋진 영상미 솔직히 아베정부만 아니였어도 최소 200만은 했을거라 생각합니다 스토리상 호불호가 갈릴수 있겠지만 이런 멋진 영상을 만들어준것만으로도 후한점수를 주고싶습니다언젠가 다시 ...,10,1
761,비와 함께 젖어드는 감성 ,10,1
762,세계가 쪼개져도 살아있다면 어떻게든 굴러간다는 미래를 향한 찬가 ,7,1
763,"시간, 날씨, 여름, 도시, 인연, 빛, 음악을 좋아하는 사람들에게 꼭, 정말 꼭 추천하고 싶다. ",10,1
764,관람객   1. 스토리 스토리는 무난합니다. 그 세계를 이해하는 데에 필요한 지식도 너의 이름은. 과 비교했을때 더 직설적으로 이야기해줍니다. 운명적인 남녀의 사랑이라는 큰 재제도 변한 바가 없습니다. 다만 아쉬운 점이 ...,8,1
765,"전작이 실존하지 않는 '이토모리' 를 배경으로 한 것에 반하여, 실존하는 '도쿄' 를 배경으로 한 것은 몰입감을 오히려 방해하는 요소가 되었다. 영상미는 좋았으나 ost 는 그다지. ",7,1
766,비오는날 맥도날드를 가봐야겠다 ,7,1
767,관람객신카이 마코토 작품의 개연성이 부족한 스토리는 고질적인 종특인듯 작화 ost 빼면 시체 ,7,1
768,작화랑 OST만으로도 돈이 안아까움 스토리는 좀 진부하지만 볼만함 ,10,1
769,뭐가 개연성이 부족하는는건지 모르겠다 꼭 왜가 필요한가? 충분히 감동적인 애니였다 ,10,1
770,여러분 개연성은 별로지만 인본만의 감성과 비가떨어지는 작화 진짜 폭축터질때는 내가다 감동이었어요ㅜㅜ 너의이름은을 기대하시는분들은 실망하실수 있겠지만 일본영화만의 감성과 신카이마코토님의 작화 훌륭한ost를 보고싶으시다...,9,1
771,"전작인 '너의 이름은'에 비하면 훨씬 단선적인 스토리라인을 가지고 있다. 언뜻 보면 부정적일 것 같지만, '너의 이름은'이 너무 많은 메타포와 복선으로 향후 전개를 복잡하게 만드는 것과 ...",9,1
772,생각 하지 말고 그냥 영화가 흘러가는 그대로 감상하면 만족스러운 시간 보낼 수 있을겁니다. ,10,1
773,재미있게 봤습니다^^ ,10,1
774,정말 나쁘지 않았습니다. 정말 여운 가득한 영화에요. ,10,1
775,"아름다움을 노래한 것 같은 애니메이션, 영상과 합을 맞춘 OST가 정말 소름 돋았다. 작품은 어두우면서도 너무나도 밝은 모습을 보여주기 때문에 더욱 아름답다고 느껴집니다.감덩감덩 ",10,1
776,괜찮았습니다신카이마코토 작품답게 영상미도 좋고 노래도 좋아요다만 너의 이름은에 비해 여운이나 짜임새는 떨어지는 느낌그리고  의도한건지 모르겠지만 연출이랄까 내용적인 측면에서 너의이름은이 오버랩되는 부분이 심심찮게 있...,10,1
777,신카이 마코토 작품중 가장 잘 만든 영화완전한 판타지로 감안하고 보면 스토리도 참 재밌었음 ,10,1
778,,10,1
779,감정의 과잉마저 행복했던 영화 ,10,1
780,신카이마코토다 ㅎㅎㅎ ,9,1
781,너무 재밋다 ㄹㅇ ost 작가 미쳤음 ,10,1
782,부실한 스토리를 카버하고도 남는 영상미와 ost ,9,1
783,정말 온몸에 전율을 느끼게 하는 영화너의 이름은을 재밌게 본  사람이든 아니든 정말 재밌게 볼 수 있는 영화 넘치는 영상미와 아름다운 ost로 귀랑 눈을 즐겁게 해주는 영화꼭 보세요 ,10,1
784,영상미 하나로도 충분한... ,9,1
785,관람객그래도 재미있게 봤습니다 ,10,1
786,,10,1
787,날씨의아이넘슬프고 감동적ㅠ ,10,1
788,날씨 따윈 미쳐버려도 좋어 ,10,1
789,관람객정말.. 감탄 ,10,1
790,"영상미,OST 그 이상은 없다 ",7,1
791,처음은 뭐지 싶었는데갈수록 재미있네요.저는 너의이름은  만큼 재미있었어요.!! ,10,1
792,"방금 날씨의 아이를 봤는데 엔딩쯤에서 든생각...""아 빨래 더럽게 안마르겠네..""내가 그냥 늙은걸까나...자연풍광에 대한 연출력이 더 좋아진것 같지만 연출이나 각본은 언어의 정원이나 너의 이름은이 훨씬...",7,1
793,"언어의 정원+너의 이름은 섞은 느낌임.작화 좋고 영상미 좋은데 개연성을 정말 개나줘버림 ,, 굉장히 불친절한 영화,설명이 없다 설명이.그래도 울면서 재밌게 봄 ",7,1
794,"옳고 그름이 확연히 보이는 상황에서 당연히 주인공들이 더 큰 대의, 즉 옳은 선택을 할 것이고 극적인 전개로 이것을 헤쳐나갈것이라는 애니메이션의 고정관념을 부순 영화. 현실적이고 이득과 손해만을 계산하는 차가운 현대...",10,1
795,"진실한 사랑은    누구에게도, 어떠한것도 강요하지않다는것... 어떤영화보다 더 마음에 와 닿네요.. 오랜만에 아름다운 애니매이션을 보게되서 정말 좋았어요~강추입니다~~ ",10,1
796,반가웠다 너의 이름은 ㅎㅎ ,10,1
797,반가웠다 너의 이름은 ㅎㅎ ,10,1
798,ost 가 너무 좋자나.. ,10,1
799,날씨의아이 고마운감동 ,10,1
800,"영화 잘 봤습니다. 아마 이번 영화를 보신 분들이면 '역시, 신카이 마코토!' 라고 말할 내용의 작품이었습니다. 한국, 개봉일에 맞춰 바로 관람을 했습니다. 저는 이분의 작품들을 쭉 봐오면서 무엇보다도...",9,1
801,올해 최고의 영화.. 여운 남아서 죽겠어요 ,10,1
802,진짜 레전드작 너무 감동적이야 ㅠㅠ ,10,1
803,"갑자기 총이 나오고 주인공이 그걸 쏜다거나 하는 개연성없는 스토리는 제쳐두고, 그저 보는 내내 눈과 귀가 황홀해진다. 특히 후반부의 주인공들의 재회 씬은 '너의 이름은'을 뛰어넘을 정도. 중간중간에 깜...",9,1
804,2번 봤는데 후회없이 봤습니다 ,10,1
805,"아무것도 없는 우리에게 왜 꿈을 꾸게 했는지끝이 있는 인생에 왜 희망을 갖게 했는지?왜 이 손을 빠져나가는 것만 주었는지그런데도 여전히 매달리는 우리들은 보기 흉할까아니면, 아름다울까대답해줘이 가사가 즉 영화가 말하...",10,1
806,술먹은 가출소년이 취조실에서 횡설수설 하는 것 같음. 그리고 일본 특유의 오글거리는 클리셰 때문에 몰입도가 떨어졌음. 근데 진짜 이게 오타쿠들한테 먹힘? ,4,0
807,전작과 비교 한다면 조금 실망할 수도 있습니다 ,8,1
808,"작화는 진풍경, 서사 스토리&인물설정은 엉망진창...WHY?라는 질문에 답 못하는 영화. ",3,0
809,남는거는 차디찬 날씨뿐. 오늘 춥다 ,4,0
810,솔직히 전작들에 비해 실망. 이야기전개 뜬금없고 음악도 따로 논다. 개연성 없고 감동이 없음. 편집이랑 마무리작업이 덜 된듯. ,2,0
811,너의이름은 그나마 볼만했는데 이거는 도대체 개연성도 없고 이게 영화인지 싶더라 ,1,0
812,너의 이름은 세번 다시보고 처음 봤을때 세시간 울었습니다. 개봉하자마자 기대하고 봤는데 그냥 개연성도 없고 가출한 이유도 없고 너무 떡밥 회수가 안돼요. 내용 개연성도 떨어지고.. 작화나 움직임 풍경 그림들은 전작보...,3,0
813,스가한테 뜬금없다라는 소리 많이들 하시던데 영화 처음부터 끝까지 계속 호다카와의 공감대를 형성해주는 장면들이 많이 나왔다고 생각됩니다 끙끙 앓는도중 중요한것의 순번이 바뀌지 않는다는 대사에서 아내를 잊지 못하는것을 ...,10,1
814,"모든 영화가 현실성과 개연성이 완벽할 필요는 없다고 생각합니다.그렇지만 영화 관람 중 10번 이상, 대체 왜?등의 의문성 생각이 든다면 그건 어떨까요.억지스럽고, 또 인위적인 그런 느낌의 영화입니다. ",2,0
815,"너의이름은. 처럼 기승전결이 확실하지 않아서 호불호가 갈리는것 같다. 하지만 스토리도 연출도, ost까지 너의이름은.보다 재밌게 봤다.29일 아이맥스로 못보고 일반극장에서 본게 아쉬워서 super s로 한번 더 볼 ...",10,1
816,,10,1
817,,10,1
818,만약 신이 계신다면 부탁드립니다.제발 저희에게 아무 것도 주지 마시고아무 것도 뺏어가지도 말아주세요.조금만 더 이대로 있게 해주세요. ,10,1
819,너의 이름은 보다 더 재밌다. 이시국임에도 불구하고 이건 진짜 포기 못함 ,10,1
820,사랑하는 이와 친구들이 있는데 미친 세상인들 어떠랴. ,9,1
821,관람객너의 이름은 보단 아래다 기대한만큼 실망이크다 하시지만 전 만화영화들중 가장 임팩트가 컸던 영화이고 감정이입이 잘되었습니다이 글 않읽으시겠지만 감독님 감사해요!! ,10,1
822,관람객스포일러가 포함된 감상평입니다. 감상평 보기스포일러가 포함된 감상평입니다. ,10,1
823,말이 필요없다. 지렸다. ,10,1
824,,10,1
825,,10,1
826,관람객,10,1
827,ost 끝판왕 ,10,1
828,“너의 이름은”보다 재밌어요 ,9,1
829,관람객음악이 너무 좋았고 내용도 재미있었어요. ,10,1
830,와 아직도 ost 돌려듣게되네 미쳤다 ,10,1
831,,10,1
832,,10,1
833,,10,1
834,작화가 일품이네요. 브금과 상황이 너무잘어울려서 더욱더 감동적이였습니다 ,10,1
835,신카이마코토의 애절함과 간절한사랑이 담겨있었다세상이 바뀌더라도 사랑해야한다는 간절함그속에있는 어린아이들에게오는 억압비내리는부분이 억압이라면 날씨가 개임에있어 해방과 자유를 느낄수있다는것 같았다 ,8,1
836,관람객전형적인 신카이마코토의 애니메이션. ,10,1
837,"신카이 마코토의 전작은 '너의 이름은'만 있는 것이 아니고, '초속5cm', '언어의정원'같은 영화도 있다. '날씨의 아이' 역시 이런 영화를 부끄럽지 않게하...",10,1
838,생각보다 재밌더군요..그런데 애들과 함께볼 애니는 아닌것 같아서 한국에선 고전하겠네요...우리나라는 애들과 함께보는 애니가 아니고선 힘들어서... ,9,1
839,전하고자 하는이야기의 깊이 너무 좋았습니다 ,10,1
840,보고 느낀점이 '그래서 어쩌라는 ...' 이라고 남긴 친구야 그렇게 치면 모든 영화도 그렇게 느껴지는데? 그리고 개연성도 나쁘지 않았는데 여기에 글올리는 박평식 자식들 진짜 기준이 일반인 남다르게 비정...,10,1
841,보는 내내 안쓰럽고 불안했다. 감정을 절제해도 슬프고 여운이 많이 남는 영화 노래도 좋지만 노래가사가 더 맘에 와닿는다. 영화가 끝나고 엔딩크레딧이 완전히 끝날때까지 일어설 수 없게 만드는 영화  최근 본 영화중에 ...,10,1
842,,10,1
843,,10,1
844,카메오 나온거 재밌고 고양이가 킬링포인트 ,10,1
845,,10,1
846,관람객스토리가 좀 뻔하긴 하지만 영상미와 OST 연출이 너무 좋음 ,9,1
847,눈호강햇습니다 스토리도 준수합니다... 결말이 이상하지만 좋앗습니다 ,10,1
848,재미있어요! 작화도 넘 이쁘고 즐겁게 보다왔습니다~~ ,10,1
849,개인적으로는 너의이름보다 재미있었습니다. 그림체는 몇번을 봐도 대박;; ,10,1
850,작화랑 OST가 좋고 전반적인 스토리도 나름 괜찮은듯 ,10,1
851,,10,1
852,관람객연출 하이라이트 ost전부 최고입니다! ,10,1
853,너의 이름은.이랑은 다른 감동 스토리나 개연성은 확실히 떨어지지만 영화보는 내내 영화가 끝나지 않았으면 했던건 똑같았음 ,9,1
854,미츠하하고 타키가 나와서 반가웠어요 나기가 성인이 되면 어떻게 생길지 궁금해지네요.. ,10,1
855,관람객청춘을 비추는 가장 밝은 그림. 그것은 하늘이다. ,8,1
856,,10,1
857,막 보고 나와습니다.'너의 이름은' 보다는 조금 얕지만 재밌었습니다.강추. ,10,1
858,,10,1
859,누군가에게 진정한 '괜찮음'이 되고 싶다면 책임감을 가지고 성장해야할 때도 있는법이다. ,10,1
860,호불호가 갈릴만 하네요 저는 졸았습니다. ,7,1
